sample,ACTR3B,ANLN,BAG1,BCL2,BIRC5,BLVRA,BRCA1,BRCA2,CCNB1,CCNE1,CDC20,CDC6,CDH3,CENPF,CEP55,CXXC5,EGFR,ERBB2,ESR1,EXO1,FGFR4,FOXA1,FOXC1,GPR160,GRB7,KIF2C,KRT14,KRT17,KRT5,MAPT,MDM2,MELK,MIA,MKI67,MLPH,MMP11,MYBL2,MYC,NAT1,NDC80,NUF2,ORC6L,PGR,PHGDH,PTTG1,RRM2,SFRP1,SLC39A6,TMEM45B,TP53,TYMS,UBE2C,UBE2T
TCGA-AR-A24L-01,7.15,10.03,10.34,12.01,9.01,10.35,11.57,6.34,10.04,6.79,8.35,9.28,8.76,11.15,8.46,9.25,7.88,12.86,13.27,7.98,5.52,12.97,6.95,9.99,8.82,8.86,9.77,9.4,9.77,12.38,12.31,8.45,4.44,11.44,12.17,14.12,9.84,10.19,9.32,7.96,7.93,6.1,11.7,8.28,7.54,10.23,9.32,15.81,7.01,10.1,9.67,9.04,8.77
TCGA-BH-A1EW-11,7.9,7.98,10.05,11.73,6.2,10.45,8.68,8.06,8.65,5.49,6.95,7.62,10.31,9.94,7.19,9.03,10.34,12.27,12.34,6.6,5.88,12.45,8.7,10.42,8.89,6.86,12.31,11.81,12.28,11.84,13.22,6.68,6.28,9.51,12.03,8.68,7.45,11.32,12.04,6.16,6.42,7.34,12.44,9.1,6.73,8.35,13.85,14.43,7.13,10.54,7.89,6.66,7.32
TCGA-AC-A3QP-01,7.87,6.33,11.77,10.33,6.07,9.7,9.440000000000001,4.81,8.73,4.03,7.87,6.52,10.04,7.87,6.28,9.68,6.02,13.29,10.23,5.03,7.83,11.75,8.02,10.27,9.83,6.74,12.48,11.76,11.31,11.78,10.06,5.6,8.66,7.67,12.7,12.99,7.65,12.09,11.83,5.95,5.1,4.71,10.27,8.66,7.44,7.27,11.16,12.59,8.43,10.76,8.18,7.14,6.65
TCGA-E9-A54X-01,7.96,9.92,12.48,11.31,8.6,11.06,9.96,6.06,10.41,5.48,8.86,8.01,3.16,9.37,8.14,11.18,6.74,12.15,15.01,5.97,5.37,13.68,5.8,9.81,8.93,7.98,4.85,4.42,2.45,9.9,11.3,7.66,0.58,9.64,13.05,8.48,8.41,9.54,10.05,7.37,8.74,7.42,13.23,9.09,9.1,10.42,3.31,14.44,8.47,9.68,9.1,9.1,8.3
TCGA-BH-A0BS-11,9.05,5.85,10.56,11.14,4.23,9.49,7.4,5.44,7.6,3.91,6.4,6.55,11.47,7.62,5.09,8.77,10.12,12.82,12.47,4.83,9.35,11.06,9.16,9.21,9.76,5.48,14.87,14.0,14.91,10.22,10.78,3.91,9.14,7.17,11.53,6.12,6.11,12.54,6.65,4.46,4.46,4.46,9.42,11.59,5.56,6.43,15.19,12.87,6.99,11.07,7.65,5.25,5.36
TCGA-A7-A26J-01,7.26,9.33,10.3,11.17,8.23,10.44,11.77,8.52,10.27,6.15,8.86,8.73,9.31,12.13,8.54,9.85,8.01,13.08,12.86,8.42,3.55,12.99,6.75,9.91,9.38,9.03,10.23,10.15,10.79,10.9,11.74,8.41,4.48,11.82,12.22,13.88,9.18,10.95,10.33,8.08,8.58,5.88,12.05,7.08,8.21,9.81,9.96,16.2,5.05,11.19,9.05,8.91,8.61
TCGA-BH-A0B2-11,8.54,7.14,10.51,10.57,6.15,9.73,7.52,5.93,8.22,5.16,7.14,6.83,11.55,8.85,6.52,9.96,10.57,12.36,11.16,5.46,5.88,11.03,8.33,8.39,8.76,6.82,13.18,12.81,13.29,10.76,10.64,5.67,8.76,9.17,11.01,7.58,7.18,11.87,8.38,5.91,4.91,5.13,10.72,11.16,6.42,7.67,14.71,12.72,6.1,11.06,8.17,6.47,5.92
TCGA-BH-A0AU-11,8.46,4.85,10.36,11.09,2.46,9.78,7.92,6.35,7.42,3.31,5.4,5.45,11.3,6.98,3.67,9.06,10.92,12.48,12.25,3.36,6.38,11.52,9.91,8.85,9.92,5.41,12.17,12.39,13.73,11.51,11.24,2.64,7.89,6.2,12.65,5.7,4.56,12.09,7.88,3.52,3.36,4.75,12.51,10.99,4.83,4.49,15.25,14.32,5.9,11.0,7.09,3.52,5.08
TCGA-A8-A06X-01,8.13,10.8,10.89,9.02,10.59,10.24,10.35,7.89,9.99,7.21,9.6,8.92,3.8,11.84,9.95,9.5,4.2,12.96,14.68,7.83,4.92,12.47,6.18,6.04,8.38,9.48,1.0,1.8,0.58,9.72,11.95,9.53,0.58,12.14,11.62,13.24,10.42,11.1,10.36,7.41,8.83,6.8,4.72,10.45,8.57,11.81,6.29,14.81,0.58,9.92,8.87,9.65,9.54
TCGA-E9-A1N5-01,7.73,9.38,11.61,11.64,8.71,9.67,10.34,7.87,9.91,6.71,9.02,8.03,8.87,10.97,8.69,10.32,7.22,11.64,12.77,7.87,7.66,12.87,6.21,9.6,7.36,8.9,1.79,2.68,2.44,12.63,10.58,8.42,3.86,11.49,12.68,14.24,10.08,11.34,11.18,7.92,7.19,6.47,12.86,9.62,8.16,9.97,8.32,14.08,7.86,10.29,9.8,8.82,7.9
TCGA-A7-A13H-01,7.57,7.28,10.9,10.56,6.08,10.14,9.59,6.17,8.24,5.07,7.5,6.76,10.19,9.52,6.79,10.49,7.91,13.58,13.42,6.0,6.79,12.83,8.11,10.07,9.72,7.07,12.66,12.44,12.52,12.52,10.67,6.23,7.4,9.1,14.24,12.59,7.58,10.68,11.07,5.84,6.27,4.6,10.91,9.51,6.7,7.87,11.66,15.18,7.32,10.53,8.04,6.98,7.36
TCGA-BH-A0HA-01,7.07,7.74,11.24,12.16,8.01,11.77,9.559999999999999,6.1,9.12,6.16,8.54,7.67,9.26,9.56,7.63,9.7,6.54,12.8,11.79,5.59,7.19,12.87,7.22,10.0,7.69,7.78,11.09,11.45,11.65,12.4,11.18,7.32,5.58,9.62,12.29,14.57,8.91,9.9,12.15,7.96,8.08,6.29,10.96,7.84,8.7,9.16,9.08,14.21,8.03,10.35,8.26,9.37,7.97
TCGA-BH-A0DV-11,7.74,5.38,10.24,11.08,6.23,9.45,7.79,5.93,7.44,3.32,5.24,5.16,11.24,7.73,3.8,8.11,10.97,12.79,12.1,2.8,8.73,11.25,8.93,9.53,9.17,4.78,14.52,14.93,15.36,10.54,10.5,2.32,9.28,6.61,11.58,4.71,3.73,12.5,8.16,3.27,3.8,3.83,9.87,10.41,4.27,4.87,14.92,13.02,9.28,10.57,6.2,3.62,4.88
TCGA-BH-A1EU-11,7.22,4.96,10.06,11.5,2.31,9.55,7.34,6.38,7.27,4.03,4.14,5.12,11.01,7.32,3.52,8.08,11.37,12.27,12.32,3.17,5.82,11.24,9.16,8.95,9.14,4.81,14.41,13.43,14.39,10.18,11.14,2.41,8.81,6.31,10.96,5.33,3.17,11.08,7.56,2.57,3.26,4.28,10.96,9.79,4.64,4.68,14.94,12.93,7.64,10.66,6.5,2.03,4.93
TCGA-BH-A18P-11,7.06,4.54,10.38,11.31,2.08,10.14,6.94,5.17,6.78,4.03,3.43,4.21,10.13,6.44,3.6,9.01,11.24,11.69,11.48,2.14,7.26,10.87,8.75,8.86,8.05,4.03,13.14,13.25,13.52,10.23,11.07,2.0,7.57,5.81,10.67,5.69,4.73,10.9,6.83,2.51,2.61,2.8,9.65,11.44,3.6,3.74,14.06,12.5,6.39,9.89,6.42,2.89,4.27
TCGA-E2-A1II-01,8.72,10.39,10.16,10.02,8.57,10.14,11.05,7.92,10.54,8.2,10.96,8.94,11.11,12.3,10.45,6.52,10.28,10.88,4.89,9.62,7.74,5.49,13.16,8.15,7.23,10.41,8.12,5.94,9.81,4.58,11.34,10.1,7.6,12.34,3.14,7.92,10.83,13.17,5.61,9.1,9.16,7.86,5.67,11.93,9.74,10.06,12.78,11.18,1.85,11.27,10.2,10.43,9.14
TCGA-BH-A0BC-01,7.36,9.11,10.65,11.22,8.04,11.74,9.530000000000001,6.66,9.83,5.56,9.36,8.28,9.17,10.75,8.97,10.43,7.66,11.43,14.23,7.87,7.23,13.08,7.85,11.84,7.58,9.01,11.12,11.13,11.57,11.15,11.4,8.65,5.18,11.18,12.07,14.1,9.97,9.9,12.28,8.2,7.83,6.8,9.95,11.35,9.11,10.38,10.7,15.58,6.41,10.84,10.1,8.87,8.26
TCGA-BH-A0BC-11,7.38,6.37,10.55,10.95,5.43,9.68,7.33,5.75,7.34,4.3,6.78,6.66,11.58,8.28,6.26,8.66,10.62,12.13,11.69,5.04,5.65,10.69,9.18,7.83,9.27,6.56,15.4,14.75,15.83,9.82,10.98,5.62,8.41,8.27,10.63,6.86,7.08,12.38,7.36,4.16,4.68,4.54,10.91,10.8,6.34,7.17,14.7,12.83,6.11,10.96,7.64,6.0,5.62
TCGA-BH-A0BM-11,7.49,5.95,10.48,10.91,6.38,9.87,7.0,5.49,8.07,3.47,7.07,6.33,12.18,8.4,5.75,9.32,10.48,12.75,12.33,4.6,6.23,11.23,9.66,8.47,9.88,5.76,15.63,15.45,16.11,9.56,11.02,5.34,10.48,8.24,10.95,6.78,7.1,12.49,7.17,5.24,4.99,4.99,10.25,11.85,6.75,7.28,15.08,12.87,6.66,11.19,8.01,6.14,6.06
TCGA-EW-A1P1-01,7.18,8.97,10.03,9.85,6.94,10.08,9.870000000000001,6.88,8.35,6.66,8.25,8.02,11.5,9.82,7.34,8.39,9.85,12.24,9.65,6.81,6.14,11.02,9.78,7.96,8.6,7.96,13.22,13.58,13.12,9.2,10.85,7.51,7.53,10.07,11.18,11.07,8.91,12.19,7.74,6.75,6.35,6.56,9.65,9.43,7.0,9.11,13.09,11.67,7.81,10.84,8.19,7.77,7.11
TCGA-BH-A1EN-11,6.87,5.89,10.4,10.91,3.62,10.05,7.19,5.3,6.63,4.83,4.64,5.44,10.39,7.5,4.57,8.97,10.65,12.92,11.23,3.61,6.79,9.98,8.88,8.52,7.91,4.9,13.93,13.51,14.1,9.96,10.85,3.74,7.08,7.29,10.65,6.89,4.53,10.57,8.1,4.48,3.21,3.92,9.05,11.33,5.16,6.49,13.46,12.25,6.69,10.26,6.79,4.18,4.55
TCGA-E2-A1LB-11,9.0,6.89,10.21,10.95,6.05,8.99,7.73,7.0,8.32,5.15,7.28,7.11,11.68,8.6,6.11,9.26,10.67,13.06,11.09,5.93,5.9,10.95,9.89,8.27,10.3,6.85,13.03,12.79,13.64,11.53,10.78,5.91,9.34,9.07,10.81,6.56,7.3,13.22,5.86,6.14,5.24,5.41,10.34,11.61,6.1,7.88,15.9,13.29,6.82,11.43,7.68,6.13,6.16
TCGA-BH-A0BZ-11,7.16,4.79,10.38,11.38,2.79,10.02,7.71,5.27,7.29,4.31,5.24,5.62,9.99,7.11,3.88,8.51,10.75,12.14,12.35,2.91,5.5,11.4,9.28,9.04,8.08,3.98,13.0,13.01,12.94,10.91,10.82,3.69,6.94,6.76,11.43,5.97,4.14,12.09,9.56,3.27,3.1,3.27,11.49,10.36,4.17,5.03,13.09,14.01,6.42,10.22,6.31,3.61,5.1
TCGA-OL-A5D6-01,7.07,8.21,9.79,7.76,7.43,10.49,8.690000000000001,5.86,8.87,5.49,9.11,7.05,10.52,8.65,7.23,9.28,9.25,14.07,6.66,6.11,10.61,12.17,7.09,9.54,9.51,7.62,10.52,11.68,11.68,9.86,10.23,6.57,5.62,9.41,12.71,13.99,9.5,10.97,6.66,6.05,5.46,6.6,6.21,11.0,7.31,10.13,12.44,11.54,11.28,10.67,7.39,7.77,7.53
TCGA-AO-A0J8-01,7.59,8.15,9.95,10.39,7.29,10.13,10.14,6.85,9.16,4.99,7.98,7.14,7.28,10.47,7.47,9.92,6.07,13.32,13.97,7.02,5.42,13.3,5.01,9.59,8.6,7.71,4.89,5.93,4.98,12.51,10.85,6.95,2.96,10.2,13.02,13.9,7.69,8.9,13.33,7.22,6.68,5.13,11.91,10.87,7.48,8.94,6.92,13.96,7.49,11.21,8.14,7.56,8.2
TCGA-A7-A0CH-11,7.04,6.02,10.57,10.94,7.21,10.43,7.31,4.79,7.59,4.41,6.68,5.81,10.08,7.73,5.6,9.07,9.63,12.29,12.5,4.77,6.29,11.45,8.41,8.79,8.23,6.22,14.07,14.08,14.09,10.34,10.65,4.71,7.58,7.85,11.59,7.97,6.67,11.74,10.66,5.24,4.41,4.25,10.17,10.14,6.07,7.42,13.46,12.62,7.63,10.42,7.22,5.87,6.13
TCGA-BH-A0B5-11,6.62,3.34,10.53,11.52,0.9,10.23,7.0,2.41,6.3,5.35,3.06,4.05,0.52,5.05,2.41,8.51,10.7,8.83,9.25,0.9,1.2,1.2,8.01,7.37,0.0,2.99,4.39,0.0,4.95,10.39,10.48,4.05,1.2,4.68,7.98,5.24,2.99,11.3,6.32,2.16,1.45,3.85,7.38,11.65,3.27,2.91,12.97,10.78,1.2,9.34,4.31,2.01,4.09
TCGA-BH-A1ET-11,7.43,5.02,10.21,11.57,2.55,9.36,7.5,6.15,7.04,3.86,4.66,4.9,10.22,6.62,3.48,8.5,10.84,12.11,11.91,2.55,5.99,11.55,9.68,9.38,9.03,4.52,12.8,11.97,13.21,10.66,11.03,2.55,6.77,5.78,11.38,5.38,3.61,11.83,7.77,3.58,2.72,3.98,11.19,9.99,4.2,3.81,14.29,13.11,6.87,10.33,5.94,2.19,4.37
TCGA-BH-A0B3-11,7.47,6.09,10.41,11.59,4.07,9.41,7.93,6.82,7.41,4.04,5.56,5.69,10.84,7.98,5.42,8.28,10.37,12.41,13.05,4.18,8.16,12.08,9.42,9.44,9.13,5.58,13.13,13.26,13.86,9.79,11.04,4.63,8.41,7.51,11.97,6.51,5.46,10.52,8.91,5.09,2.98,4.46,10.16,10.69,5.9,6.27,14.51,13.22,6.88,10.37,7.09,5.14,5.13
TCGA-E9-A1RD-01,7.49,8.97,10.43,11.87,7.4,11.06,10.72,7.09,9.67,5.83,7.86,7.58,6.45,10.76,7.71,9.34,5.65,12.61,15.18,7.36,6.61,13.59,5.81,10.74,8.11,7.79,7.77,7.26,7.87,11.92,11.36,7.55,2.97,10.25,13.22,12.25,7.58,8.38,13.94,7.93,7.34,5.85,13.22,8.94,7.65,10.19,7.76,16.88,6.92,10.64,8.91,7.79,8.21
TCGA-E9-A1RI-11,6.68,3.86,10.46,12.09,3.06,10.15,7.94,4.94,6.41,5.08,3.78,4.29,6.54,5.55,3.61,8.05,11.49,9.3,9.58,2.39,2.49,8.2,8.41,8.81,4.5,2.68,8.64,7.67,8.78,10.67,10.79,4.14,3.33,4.87,8.27,5.92,2.99,9.4,7.43,3.56,2.03,2.03,8.89,10.32,3.7,3.47,13.14,11.96,4.34,9.41,5.11,2.68,3.9
TCGA-BH-A1F0-11,7.07,5.36,10.49,11.36,2.17,9.77,7.16,5.48,7.11,4.62,4.45,5.0,10.38,6.82,4.2,8.54,10.25,11.95,11.97,2.48,5.91,10.75,9.41,8.98,8.23,4.41,14.07,13.74,14.18,9.76,11.18,2.22,7.95,5.59,10.72,6.36,4.03,11.97,7.55,3.69,3.3,3.94,10.01,10.3,4.74,4.38,14.08,12.78,7.05,10.38,6.75,2.4,4.65
TCGA-C8-A274-01,8.06,8.65,9.56,8.81,7.77,10.28,10.91,7.17,9.88,6.44,8.22,8.1,5.16,12.05,8.93,9.95,5.61,13.01,14.71,8.59,6.12,13.27,4.02,10.83,9.03,8.12,4.07,3.52,3.38,12.6,10.45,8.56,0.35,11.36,13.25,12.8,9.29,8.55,12.37,7.5,8.55,6.89,6.77,9.53,7.96,10.36,4.07,14.98,8.57,10.89,8.5,9.02,9.17
TCGA-AN-A0AT-01,7.93,11.48,10.07,7.81,10.53,9.92,7.58,10.02,11.33,9.03,11.95,10.08,12.06,11.8,9.98,6.78,8.71,10.86,4.42,10.21,8.14,6.84,10.89,6.92,9.42,11.16,9.54,13.46,12.76,5.45,10.13,9.7,10.46,12.13,5.67,9.56,12.94,12.55,4.86,10.61,9.56,9.5,2.33,12.17,9.54,11.11,13.45,12.38,3.61,8.55,11.8,10.97,10.4
TCGA-BH-A1EY-01,7.59,9.21,13.57,10.98,6.18,10.56,9.57,7.43,9.28,6.42,9.46,6.31,6.79,9.95,7.96,11.53,7.56,12.19,13.56,6.05,6.51,12.88,6.48,10.95,7.83,7.83,0.0,0.98,3.36,8.25,11.41,8.33,0.57,9.64,12.76,15.24,7.55,8.33,10.58,6.51,7.04,5.85,11.59,9.18,7.51,8.45,8.11,15.44,6.19,10.54,7.98,7.51,7.91
TCGA-A7-A13G-11,6.58,3.68,10.18,11.58,3.06,9.72,7.61,4.96,5.82,5.37,1.15,4.36,1.94,5.67,3.31,8.2,11.48,8.87,9.88,1.15,1.94,3.19,8.6,8.06,1.94,1.6,2.56,0.49,2.22,10.55,11.13,1.6,1.78,5.23,7.66,5.55,3.63,11.34,6.33,3.53,2.34,2.56,8.07,11.4,3.85,3.48,12.69,11.17,0.86,9.43,5.89,0.49,3.25
TCGA-E2-A14V-01,8.0,12.2,10.91,9.78,8.92,10.78,11.45,8.78,11.52,7.37,10.08,10.6,12.18,12.88,10.77,10.2,7.04,16.2,11.71,9.57,7.97,12.96,6.32,10.65,13.69,9.96,10.8,10.67,10.88,8.59,11.24,9.91,5.32,12.91,12.1,13.08,11.87,11.21,12.03,8.74,9.84,8.75,10.97,9.77,9.79,10.75,9.7,14.26,8.17,11.04,9.77,11.31,9.59
TCGA-BH-A18J-11,7.79,6.18,10.64,11.24,5.36,9.35,7.65,5.9,7.74,3.93,6.21,5.85,11.03,8.53,5.35,8.85,10.91,12.62,10.37,4.27,7.05,11.0,9.08,8.93,9.23,5.41,14.95,14.65,14.83,10.33,10.92,4.4,7.62,8.3,11.86,5.78,6.39,12.5,8.09,5.14,3.6,4.48,9.36,10.4,5.5,6.29,14.0,12.88,7.22,10.58,7.92,5.16,5.35
TCGA-BH-A28O-01,8.45,6.34,10.67,10.68,4.13,9.31,9.120000000000001,5.98,7.57,4.43,6.55,6.08,11.76,8.26,5.44,9.39,9.75,12.89,10.57,4.46,8.08,11.14,9.11,9.4,9.68,5.64,13.79,13.56,14.24,10.99,10.23,4.76,8.74,7.67,12.76,11.14,6.26,12.72,8.86,5.25,6.26,4.89,9.02,10.82,5.92,6.86,14.79,12.7,6.53,10.77,7.07,5.77,5.84
TCGA-BH-A1FR-11,7.26,7.15,10.12,10.95,7.16,9.71,7.38,6.39,7.71,4.1,6.25,6.04,10.49,7.84,6.0,8.77,9.8,12.23,13.12,3.47,7.72,11.5,9.42,9.32,8.5,5.69,13.48,12.67,13.45,9.98,11.15,4.92,8.73,8.02,11.26,8.63,6.12,11.38,8.22,5.01,4.69,5.14,10.84,10.18,6.1,7.68,14.42,13.21,8.81,10.29,7.72,5.51,6.0
TCGA-A7-A26I-01,9.16,11.02,10.13,7.27,9.45,9.59,11.13,9.0,10.9,9.87,10.54,8.92,12.34,12.6,11.12,7.26,8.61,12.38,6.84,9.1,4.97,5.07,11.5,7.38,8.16,10.42,8.7,14.54,14.32,4.76,10.42,10.86,8.87,13.26,7.8,14.34,11.62,10.49,7.03,9.67,9.88,8.1,5.46,10.74,9.57,10.66,7.16,11.73,5.86,11.04,10.07,10.11,9.21
TCGA-BH-A1EV-11,7.15,8.84,10.23,11.43,6.23,9.46,8.81,7.58,8.34,5.02,8.28,9.85,11.11,10.32,7.45,8.1,11.19,13.66,11.21,6.63,7.38,11.15,9.62,9.73,10.16,6.69,13.19,12.91,13.46,9.55,11.45,7.18,7.42,10.0,10.6,6.44,7.55,12.07,8.41,6.66,7.39,5.28,11.79,10.51,6.59,8.79,13.91,13.79,7.72,10.57,8.4,6.93,7.22
TCGA-BH-A203-11,7.63,6.78,10.2,11.68,4.38,9.35,7.98,6.63,7.62,4.06,5.67,6.08,11.06,8.22,5.41,8.25,11.52,11.6,12.31,4.3,5.86,10.2,9.78,8.65,8.82,5.0,13.72,12.37,13.95,10.04,11.36,5.1,8.27,8.03,10.65,5.03,5.67,11.88,7.54,5.02,4.8,4.43,11.19,10.96,5.54,6.91,15.0,12.99,5.89,10.57,7.43,5.03,5.36
TCGA-D8-A1XG-01,7.41,8.83,11.17,12.25,6.85,9.18,10.91,7.89,8.98,4.08,6.77,8.22,10.86,10.89,8.04,11.09,8.55,11.46,15.15,7.88,3.61,13.77,6.07,9.16,9.7,6.56,12.58,12.79,12.7,12.15,10.94,7.16,6.12,10.82,12.83,12.37,6.71,10.63,7.12,7.45,7.78,6.41,13.18,8.97,7.35,9.25,10.37,16.67,6.05,10.32,7.95,7.38,8.39
TCGA-BH-A0H7-11,8.22,7.5,10.45,10.47,7.28,10.16,7.65,5.85,8.72,4.48,7.66,7.37,11.24,9.48,6.95,10.49,9.71,12.43,12.53,6.04,7.06,11.5,9.2,9.15,9.13,7.63,14.5,13.69,14.73,10.58,10.42,6.0,8.94,9.19,12.35,9.55,8.18,12.18,10.44,6.31,6.8,6.31,9.94,11.61,7.36,7.77,15.11,13.18,6.23,10.71,8.44,8.35,7.11
TCGA-AR-A1AS-01,7.4,9.54,10.21,9.6,8.09,10.99,11.19,7.25,9.62,6.37,9.25,8.76,11.1,11.16,8.44,9.62,6.36,12.72,13.68,8.6,4.85,13.03,6.01,9.8,9.09,8.8,7.13,7.77,6.95,13.0,10.41,8.12,2.59,10.42,13.21,14.48,9.83,10.44,9.99,7.7,7.88,7.01,12.32,10.68,8.43,9.89,4.9,13.56,8.2,10.91,9.56,8.61,9.26
TCGA-BH-A0DZ-11,8.1,7.1,10.91,9.96,6.1,10.71,7.62,5.37,8.57,5.56,7.4,7.66,12.29,8.28,6.39,10.67,8.75,15.53,10.09,6.15,10.34,11.73,9.21,8.88,10.97,7.12,14.0,13.9,14.31,10.59,10.49,6.12,11.01,8.83,12.38,6.8,8.2,12.34,7.9,6.14,5.52,5.66,11.2,11.63,6.73,8.65,14.7,13.02,9.25,11.37,8.91,7.04,6.64
TCGA-BH-A18M-11,6.98,7.49,10.41,11.19,5.13,9.91,7.78,6.62,8.23,4.71,6.5,6.43,10.79,8.92,5.75,8.85,10.88,12.28,11.5,5.14,5.11,11.01,8.89,8.35,8.4,6.58,13.81,13.35,14.05,10.72,11.16,5.09,7.55,8.65,11.89,10.39,6.65,11.76,8.09,5.69,4.87,5.09,12.32,10.48,5.78,7.13,13.7,12.97,6.65,10.47,7.75,5.67,5.97
TCGA-AO-A125-01,7.99,8.74,10.78,10.61,7.82,11.09,9.86,6.13,8.88,4.4,7.84,6.94,7.14,10.59,7.79,9.42,3.1,12.68,15.08,6.81,4.68,13.37,4.91,10.0,9.03,7.6,0.46,4.91,1.53,11.61,10.51,7.23,0.46,9.85,14.61,8.43,7.89,8.05,13.9,7.67,7.87,5.41,14.4,9.81,8.2,8.76,3.28,13.47,7.65,10.85,7.94,8.61,8.04
TCGA-BH-A1FD-11,6.91,4.68,10.27,11.76,0.89,9.74,7.34,5.27,7.15,4.38,3.49,4.2,10.14,7.31,3.77,8.4,10.57,11.73,12.05,2.84,5.35,11.14,8.91,9.22,8.29,3.91,12.68,12.21,13.03,10.75,11.11,2.14,7.98,5.68,10.95,5.47,3.54,11.74,9.68,2.69,3.2,3.58,10.33,10.08,4.64,4.52,14.18,13.19,8.38,10.31,6.13,3.45,4.84
TCGA-BH-A0BA-11,7.24,6.75,10.32,11.26,5.0,9.63,7.8,6.54,7.96,4.8,6.66,6.59,11.52,8.59,5.65,9.22,11.33,12.25,12.37,5.31,6.5,10.75,8.92,9.07,8.74,6.09,14.68,13.11,14.33,10.16,10.82,5.74,8.09,8.66,11.26,6.89,6.96,12.37,7.3,4.87,4.7,4.44,10.79,11.23,6.3,7.44,14.69,13.19,7.48,10.48,7.46,7.18,5.54
TCGA-A8-A0A9-01,6.76,9.06,10.25,10.82,7.73,11.29,10.9,7.25,10.74,5.02,9.79,8.35,7.23,11.46,8.07,10.82,6.4,13.31,14.46,7.92,6.2,13.47,5.18,8.43,10.18,8.8,0.0,1.61,1.74,12.28,12.49,7.66,3.11,11.13,13.17,14.05,9.46,11.08,12.37,8.02,7.99,6.19,12.14,6.95,8.76,8.86,5.33,13.49,7.29,11.07,9.06,9.48,8.22
TCGA-BH-A18K-11,7.76,5.43,10.49,11.29,3.61,9.2,7.48,6.27,7.35,3.76,4.95,4.86,11.88,7.35,4.08,8.73,11.24,13.13,11.1,3.0,9.48,11.63,8.83,9.04,9.39,5.41,13.72,13.06,13.99,9.69,10.54,2.62,9.14,6.36,11.67,6.43,4.43,11.17,6.58,3.08,3.08,4.33,10.81,10.61,4.15,4.63,14.91,12.83,8.83,10.52,5.84,3.61,3.95
TCGA-BH-A18S-01,7.7,7.55,10.8,11.88,6.13,11.36,10.67,5.32,8.42,3.71,6.57,7.32,4.8,9.24,6.33,9.85,3.39,13.64,14.32,5.68,8.14,13.88,5.27,10.98,9.66,6.04,1.57,0.41,1.98,11.7,10.9,5.87,0.73,7.82,13.16,10.55,5.4,10.11,9.74,5.42,6.17,5.21,11.76,9.22,6.32,7.79,4.65,16.75,7.74,9.32,6.93,6.11,7.59
TCGA-E2-A1BC-11,7.12,3.36,10.65,10.78,1.5,10.58,6.06,3.79,6.23,3.63,1.95,4.39,3.63,4.74,2.4,8.78,11.26,8.95,7.83,1.95,4.57,0.78,8.42,7.51,1.95,3.26,8.31,7.59,7.85,9.25,10.2,0.78,2.89,4.78,7.87,6.03,3.71,12.24,5.2,3.15,1.28,2.19,6.29,11.74,4.12,2.58,11.32,10.28,1.95,9.52,4.69,2.58,3.36
TCGA-BH-A0DK-11,7.19,7.34,10.31,11.01,8.15,10.61,7.9,6.66,8.06,4.46,6.59,7.34,11.5,8.8,6.18,9.42,10.26,12.9,12.15,5.63,8.35,12.38,8.55,9.78,8.76,6.63,13.28,13.81,14.15,11.57,10.73,5.76,9.41,8.97,12.71,7.08,6.51,11.99,10.79,5.76,5.24,4.94,13.78,10.05,5.69,7.67,14.34,14.38,10.77,10.73,7.75,5.88,6.65
TCGA-E2-A1LE-01,7.86,11.06,9.79,8.76,8.83,12.12,10.02,7.46,10.36,6.98,9.5,8.11,9.33,10.21,8.79,9.52,6.22,17.48,6.35,8.06,11.37,11.55,7.11,10.15,13.34,8.78,6.59,6.99,6.99,10.3,10.4,8.17,3.11,10.85,11.81,13.34,10.08,8.97,6.68,7.81,7.67,7.57,5.0,11.88,9.1,11.02,8.54,10.59,9.54,11.19,8.82,9.8,8.66
TCGA-BH-A0HP-01,8.1,10.1,10.91,10.82,7.83,10.41,9.51,7.57,9.73,4.95,9.02,6.73,10.13,11.01,7.68,9.97,8.91,12.59,13.73,7.24,9.0,13.16,8.07,10.95,9.0,8.86,11.31,11.28,11.84,11.13,11.1,7.91,6.52,10.78,12.65,10.93,8.0,10.49,9.11,7.73,7.36,5.09,7.86,9.15,8.45,9.25,11.61,12.6,6.88,10.29,8.88,8.54,7.68
TCGA-E2-A153-11,7.51,7.09,10.07,10.52,7.05,9.58,7.47,6.48,7.47,4.36,6.35,6.49,11.82,8.25,5.54,9.2,10.71,12.98,10.0,4.77,7.93,11.45,9.22,9.2,9.73,5.52,13.69,13.77,14.16,10.59,10.55,4.7,9.22,8.74,11.78,7.32,6.78,12.31,6.91,5.42,4.89,5.58,11.66,10.39,4.89,7.22,14.1,12.94,10.56,10.9,7.76,5.43,5.48
TCGA-A8-A09B-01,7.87,8.79,9.87,11.25,6.74,10.63,11.16,6.69,9.73,5.56,8.24,8.35,7.31,10.55,7.34,10.85,6.69,13.23,14.62,7.79,6.63,13.05,6.27,10.19,9.01,8.3,8.15,8.01,7.98,12.85,11.26,6.83,3.74,10.32,13.27,13.64,8.68,10.67,13.38,6.62,7.08,5.31,14.72,9.24,7.74,9.13,9.17,14.66,7.5,11.12,7.89,7.94,8.01
TCGA-A2-A3Y0-01,8.98,10.22,10.75,6.92,10.84,9.84,10.47,5.98,11.3,10.24,12.31,9.63,12.9,11.01,9.99,10.5,8.75,11.22,9.22,8.51,8.64,6.05,9.0,6.54,8.95,11.12,11.79,13.66,15.17,5.48,10.78,10.14,8.56,11.75,9.15,11.88,12.07,11.68,5.67,9.75,9.34,9.06,3.04,13.16,11.03,11.66,7.98,11.01,5.95,9.59,10.46,11.42,9.46
TCGA-A7-A13F-11,6.95,4.92,10.21,10.86,3.55,9.84,7.5,5.53,7.04,4.06,4.89,5.32,10.53,6.7,3.76,8.83,11.19,11.51,9.57,3.56,3.44,8.5,9.23,7.19,9.03,4.47,13.66,12.78,13.4,10.15,10.34,4.14,7.76,7.01,9.69,6.02,5.56,12.5,6.49,4.28,3.76,4.02,11.0,10.64,4.89,5.78,14.68,12.1,5.36,10.33,6.69,4.31,4.8
TCGA-E2-A1LS-11,6.81,4.56,10.43,11.46,2.0,10.0,7.53,4.54,6.79,5.83,4.29,4.63,6.13,6.73,3.31,8.39,11.49,8.97,9.74,2.79,2.71,1.99,8.41,7.4,3.13,2.54,6.02,3.51,6.15,10.14,10.53,2.23,7.0,5.38,6.64,5.64,5.52,11.81,5.85,3.31,2.71,3.55,8.36,12.57,3.68,3.88,13.87,10.86,0.8,9.35,4.84,3.84,4.71
TCGA-AR-A24V-01,7.58,8.54,10.23,10.06,7.71,10.84,11.43,7.26,9.85,4.84,7.84,8.71,8.98,10.12,8.11,10.06,7.86,12.63,12.67,7.41,3.47,12.15,6.6,10.03,9.24,8.39,8.06,9.0,9.64,8.66,11.14,7.33,3.16,10.81,11.97,15.1,8.52,9.89,10.54,6.96,7.28,5.56,10.37,8.64,8.03,8.94,7.45,14.92,2.48,10.25,8.39,7.96,7.47
TCGA-BH-A0DO-11,8.47,5.97,10.2,11.35,3.86,9.36,7.74,6.53,7.43,4.41,5.65,6.11,11.42,7.76,5.06,8.73,11.04,12.36,12.37,4.36,6.21,10.94,9.5,8.76,9.55,5.48,13.73,12.63,14.17,10.6,10.97,4.09,8.79,7.44,10.6,6.24,6.07,12.56,8.54,4.3,4.6,4.71,11.27,11.4,5.26,6.39,15.32,13.49,6.71,11.18,7.17,4.75,5.35
TCGA-BH-A1FC-11,7.54,5.04,10.47,10.8,3.83,10.24,7.14,5.35,7.2,4.36,4.96,5.35,9.91,7.34,3.3,9.07,9.26,12.53,11.56,2.91,8.3,11.84,9.58,9.62,8.68,4.36,13.64,13.6,13.07,10.52,10.81,3.21,7.38,5.75,11.76,6.31,4.48,11.54,8.7,3.68,3.75,4.23,10.2,9.6,5.45,5.52,13.13,12.62,9.41,10.57,7.05,4.09,5.12
TCGA-A2-A0YG-01,7.87,11.33,9.16,8.54,10.32,10.24,11.52,8.85,10.95,7.43,9.61,12.82,10.28,12.07,9.66,9.44,6.67,16.93,13.37,8.49,8.03,12.96,5.91,11.6,12.46,9.51,8.72,8.53,9.06,9.37,10.72,10.0,3.89,12.15,12.8,11.42,11.4,9.29,12.77,9.34,10.5,7.39,5.78,10.86,8.97,11.74,9.33,14.03,5.96,8.78,9.03,9.57,9.39
TCGA-E9-A1N4-11,8.4,6.91,10.29,10.83,5.09,9.12,8.2,7.28,7.96,4.23,6.3,6.75,10.75,8.62,6.07,8.0,11.1,12.38,10.69,5.02,5.6,10.73,10.77,9.2,9.71,6.18,13.21,12.58,13.85,10.96,10.76,5.48,8.0,8.91,11.3,6.48,6.08,12.12,10.38,5.23,5.67,5.15,11.54,10.71,5.93,7.3,15.93,13.28,5.09,11.13,7.63,5.33,5.78
TCGA-BH-A0C3-11,8.22,6.63,10.4,10.94,4.59,9.81,7.54,6.47,7.5,4.17,5.72,6.16,11.81,7.8,5.04,8.62,11.61,12.47,11.37,4.83,5.39,10.85,10.14,8.35,9.69,5.57,13.74,12.1,14.1,11.2,10.97,4.81,9.32,7.68,11.65,6.66,5.8,12.24,7.79,4.2,3.8,4.89,12.16,11.02,5.81,6.32,15.04,13.58,6.7,11.2,7.27,4.59,5.37
TCGA-BH-A6R9-01,7.29,9.65,9.89,8.6,7.13,10.06,9.309999999999999,6.27,9.31,6.72,8.39,7.41,12.02,9.57,8.09,9.62,10.16,10.98,7.45,6.39,2.34,6.46,9.35,6.65,5.66,7.86,11.63,15.69,15.11,4.78,10.86,7.0,5.89,10.11,8.42,15.9,8.64,10.8,6.67,7.63,6.69,6.18,6.51,8.32,8.85,8.7,9.0,11.77,2.45,10.94,9.16,8.26,7.05
TCGA-E2-A15K-11,7.27,5.71,10.95,9.98,6.14,10.03,6.64,4.12,7.52,4.97,7.01,6.3,11.71,7.37,5.52,9.41,8.87,12.35,9.44,4.2,5.18,9.56,9.15,8.02,9.53,5.82,15.9,15.22,15.41,8.68,9.97,4.23,9.55,7.7,10.76,7.69,7.0,12.07,6.94,5.21,3.41,4.9,8.24,11.16,6.98,6.86,13.63,11.47,5.84,10.8,7.19,6.62,5.85
TCGA-LL-A7T0-01,7.84,9.39,9.95,11.54,9.8,11.66,11.5,6.09,10.4,7.06,10.55,10.09,8.88,11.01,9.31,11.49,5.41,13.74,13.37,8.15,9.85,12.53,6.61,10.1,10.16,9.92,10.85,10.37,9.92,7.46,11.49,8.9,5.94,11.36,12.67,13.59,11.21,12.0,6.02,7.98,8.56,8.06,4.82,10.04,9.62,10.43,8.73,15.87,6.32,11.02,9.7,10.65,9.48
TCGA-AN-A0FS-01,7.79,8.09,10.55,11.34,6.72,10.13,10.34,6.07,8.74,4.65,7.75,7.78,8.85,10.37,7.07,8.99,8.57,13.06,14.55,7.42,9.19,13.57,7.46,10.56,8.88,7.22,11.22,11.05,11.3,11.55,10.81,6.26,6.12,9.44,13.05,12.7,7.45,10.17,10.58,6.2,6.7,4.66,8.46,9.61,7.01,8.23,11.31,13.63,7.51,10.27,8.6,7.02,8.25
TCGA-D8-A1XW-01,8.91,10.38,10.7,10.69,6.94,8.28,10.34,7.21,8.56,5.7,7.81,7.73,10.0,10.44,8.69,7.5,9.98,11.99,6.15,7.24,2.46,5.93,10.23,9.81,8.43,7.75,14.31,10.89,11.55,7.49,10.29,8.6,11.28,10.44,11.26,10.83,7.78,10.44,6.65,7.96,7.43,6.88,5.13,13.61,7.63,9.02,14.2,12.58,4.46,10.55,8.82,7.68,7.43
TCGA-E2-A1IG-11,6.97,6.02,10.2,11.2,4.43,9.78,7.68,5.85,7.54,4.83,6.2,5.81,10.71,7.87,5.33,8.54,11.3,11.9,9.65,4.4,7.12,9.51,8.5,8.14,8.25,5.51,13.6,13.66,14.14,10.02,10.63,4.81,7.69,8.26,10.42,5.52,6.16,12.41,6.6,4.63,3.78,4.29,10.39,11.79,5.12,6.11,14.07,12.22,6.16,10.49,7.28,5.35,5.17
TCGA-C8-A12Q-01,7.93,10.21,9.95,8.33,7.97,10.92,10.35,8.28,9.01,6.19,8.88,7.86,10.9,9.58,9.37,9.88,7.82,17.24,8.31,7.72,7.31,12.12,6.92,10.88,13.06,9.06,9.81,9.16,9.78,6.62,10.63,7.44,4.68,11.39,12.06,13.09,9.87,9.17,7.44,7.77,7.31,7.55,6.75,9.98,8.41,10.12,10.14,13.12,8.24,10.63,8.27,8.98,9.82
TCGA-AR-A2LL-01,7.53,9.07,10.56,10.5,8.6,10.25,11.81,7.55,10.07,5.57,8.57,9.22,6.39,11.44,8.57,10.61,5.23,14.06,15.27,7.92,5.6,13.41,5.7,10.0,9.86,8.2,7.28,6.69,7.12,13.93,10.7,7.76,2.31,9.83,13.09,12.92,9.11,11.34,8.5,7.55,7.94,5.89,13.4,8.14,8.58,8.88,7.18,15.45,6.15,10.07,9.19,8.61,8.61
TCGA-E2-A106-01,6.54,7.59,11.03,12.3,7.36,10.51,10.4,5.02,9.01,5.45,7.02,7.87,8.84,9.27,6.38,10.81,5.49,13.13,13.91,5.91,4.14,13.65,6.29,9.42,9.69,6.67,10.58,10.69,10.21,11.73,10.88,6.52,4.86,9.48,13.79,11.04,9.02,10.99,11.19,7.09,8.91,6.09,11.37,7.03,7.22,8.3,7.96,14.48,6.59,10.11,7.93,8.16,7.33
TCGA-BH-A18N-11,7.13,5.12,10.24,11.46,4.06,9.84,7.49,6.12,7.1,3.96,4.55,5.39,10.48,6.81,3.65,8.97,10.92,12.38,12.69,2.93,6.7,11.69,9.08,8.86,9.05,4.31,14.2,13.79,14.11,11.55,11.04,3.11,7.83,6.6,12.01,6.61,3.49,11.61,8.61,2.99,1.73,3.65,12.16,10.45,4.29,4.55,13.99,13.91,6.9,10.27,6.67,3.61,4.67
TCGA-BH-A1FU-11,7.64,5.73,10.38,11.18,2.19,9.52,7.74,6.69,7.38,3.82,5.28,5.35,11.29,7.6,4.11,9.59,11.03,12.55,11.43,3.59,7.3,11.61,8.5,8.68,8.96,4.27,13.67,13.56,14.24,10.07,10.73,2.87,8.57,6.58,11.97,7.06,5.02,11.38,7.4,4.02,3.45,4.53,12.79,10.36,4.46,5.39,14.7,13.98,5.97,10.8,6.7,3.31,4.82
TCGA-A7-A0DC-11,6.86,6.39,10.36,11.51,4.29,9.54,7.75,6.18,7.57,4.36,5.9,6.37,9.82,7.92,5.09,8.86,10.95,11.87,13.61,3.66,3.86,10.9,8.36,9.15,8.03,5.78,13.62,12.58,14.2,11.03,11.29,4.9,7.29,8.27,11.88,7.17,6.83,11.48,7.76,4.43,4.36,5.2,9.61,10.99,5.44,6.47,13.85,14.32,6.68,10.27,7.5,5.91,5.53
TCGA-E9-A1N6-11,7.97,6.6,10.21,10.84,5.47,9.5,8.06,6.32,7.47,4.73,6.13,6.61,11.03,7.73,5.11,8.61,11.02,11.96,10.6,5.03,4.99,9.39,9.74,8.26,9.5,5.44,14.55,14.11,14.62,10.16,10.35,4.71,7.76,8.06,10.87,7.66,6.98,13.17,6.96,5.31,4.11,5.42,11.22,10.63,5.44,6.75,14.69,12.23,5.73,11.03,7.49,5.41,5.51
TCGA-AC-A7VB-01,7.81,9.82,11.87,11.06,9.76,10.35,11.93,7.49,10.49,6.63,10.08,9.95,7.97,11.63,9.01,11.08,4.37,14.75,14.44,8.66,5.98,13.45,5.53,10.84,10.19,9.93,5.75,5.75,5.91,11.25,15.78,9.49,2.11,11.37,13.93,11.65,9.28,11.15,7.44,8.9,8.83,7.38,4.17,10.82,9.37,9.97,6.06,16.68,7.84,11.02,9.77,9.53,9.9
TCGA-BH-A0DQ-11,7.76,6.19,10.54,11.4,4.91,10.48,8.08,6.41,7.76,4.49,6.38,6.54,10.96,8.04,5.64,9.02,10.74,12.63,12.09,4.92,6.37,12.27,8.88,9.84,9.12,6.08,12.79,10.84,13.12,11.78,11.31,5.24,8.36,8.42,12.95,6.51,6.25,11.21,9.35,5.54,4.7,5.08,12.68,10.33,5.54,6.84,14.43,15.28,6.34,10.61,7.45,5.15,5.83
TCGA-E9-A1RC-11,6.6,5.86,10.45,11.65,4.43,10.28,7.83,4.96,6.57,4.8,3.97,5.2,1.79,6.84,4.91,8.85,11.42,9.4,9.98,2.64,2.17,4.23,8.33,7.67,2.28,4.12,3.43,1.92,5.02,10.18,10.54,4.65,2.05,7.26,7.99,6.31,4.82,9.08,6.54,4.94,3.28,3.43,7.81,11.65,4.99,5.73,13.78,11.04,1.46,9.43,7.16,3.91,4.69
TCGA-AC-A8OS-01,7.74,8.71,10.46,10.25,5.87,10.91,9.21,7.11,8.42,5.26,7.82,6.22,8.85,9.47,6.69,10.27,8.88,12.29,14.69,5.24,8.29,12.63,7.55,10.35,7.82,6.99,11.62,11.44,11.32,10.64,11.38,6.65,6.34,9.64,14.23,11.24,7.37,9.79,12.29,5.42,7.85,4.84,8.53,9.98,6.85,8.99,11.14,12.71,4.75,9.86,7.02,7.07,6.49
TCGA-BH-A1F8-11,7.86,7.41,10.38,10.83,5.52,9.48,7.78,6.57,7.99,4.55,6.54,6.81,11.13,8.8,6.29,8.5,9.94,12.13,12.11,5.34,6.37,10.56,9.5,8.83,8.78,6.0,14.6,13.56,14.38,9.31,11.16,5.92,9.01,8.32,10.52,6.44,6.8,12.24,7.22,5.94,5.28,5.26,9.58,10.87,6.17,7.83,14.38,12.63,6.9,10.84,8.58,6.37,6.07
TCGA-BH-A0H5-11,8.2,5.66,10.34,11.48,3.89,9.73,7.8,6.36,7.4,4.03,5.89,5.68,10.96,7.9,4.79,9.05,10.93,12.71,12.2,3.96,5.92,11.38,9.16,9.22,9.65,5.98,13.91,12.92,14.51,10.78,10.83,3.15,8.48,7.07,11.57,5.4,5.53,12.51,8.87,3.15,3.71,4.27,11.44,10.74,4.44,5.32,15.26,13.57,7.74,10.67,6.41,4.07,5.4
TCGA-B6-A0RH-01,8.27,9.45,10.42,8.87,7.68,10.79,9.67,7.01,10.59,6.19,9.98,11.1,10.94,11.22,8.5,9.6,6.88,14.96,11.85,8.23,8.8,13.0,5.56,9.72,11.24,9.29,8.16,10.65,10.73,10.62,10.13,8.89,2.18,10.55,10.86,14.5,10.53,9.19,10.82,8.37,9.06,7.05,10.57,10.21,9.43,10.67,9.77,11.36,6.86,11.33,7.78,9.94,9.77
TCGA-AR-A1AM-01,7.94,6.87,11.18,11.01,5.86,10.19,9.08,6.16,8.24,4.8,7.27,6.29,10.79,8.97,5.85,10.61,8.06,13.81,11.94,5.08,9.18,12.87,7.37,10.5,10.16,6.81,12.32,12.03,11.74,12.04,10.65,5.75,7.12,8.2,13.49,11.94,7.23,9.97,10.34,5.47,5.47,4.22,9.79,9.02,6.56,6.81,12.07,13.28,5.17,10.39,7.64,6.6,7.13
TCGA-BH-A0DL-11,7.42,6.35,10.17,11.02,4.53,9.47,7.98,6.54,7.51,4.95,6.18,6.69,11.42,8.49,5.75,8.68,10.78,12.09,11.99,5.06,5.54,10.6,9.6,8.5,8.48,5.71,14.59,13.16,14.54,10.11,11.01,5.12,8.38,8.66,10.58,6.94,6.28,11.38,8.35,5.61,4.42,4.71,10.05,10.6,5.93,6.85,14.57,12.7,6.14,10.8,7.5,5.43,5.72
TCGA-E9-A1ND-11,7.75,7.18,10.56,10.0,6.88,10.7,7.5,5.31,8.27,5.72,7.88,7.15,10.38,8.27,7.31,9.44,8.58,11.63,10.75,5.65,7.45,9.23,8.45,7.68,8.35,7.18,14.85,13.94,14.36,9.65,10.21,6.44,8.26,9.16,10.27,7.36,8.33,11.8,6.87,6.48,5.51,5.58,8.66,11.38,7.31,8.47,13.08,11.4,5.29,10.64,8.77,7.14,6.37
TCGA-BH-A208-11,8.81,5.65,10.82,11.38,3.17,9.46,7.5,6.9,7.31,4.21,5.23,5.26,12.14,7.17,4.06,8.97,11.38,12.17,11.68,3.31,4.64,10.87,9.98,7.91,9.61,4.29,12.94,14.23,13.67,11.34,10.96,3.53,8.53,5.87,11.25,6.49,5.42,13.26,6.14,4.24,3.91,4.6,11.75,11.06,4.44,4.4,15.56,13.51,7.0,10.85,7.06,3.22,4.73
TCGA-A7-A0CE-11,8.09,6.29,11.37,10.93,6.27,10.17,7.7,5.77,8.05,4.89,7.07,6.78,12.07,8.71,6.11,8.76,9.26,12.72,12.73,4.93,7.11,11.08,8.13,8.7,8.67,6.16,15.36,14.35,15.37,11.45,10.71,5.19,9.63,8.23,12.51,7.34,6.49,11.73,10.06,5.58,5.59,5.15,11.19,10.73,6.48,7.14,14.21,14.82,6.54,10.57,8.11,6.37,5.82
TCGA-B6-A0IA-01,7.88,8.69,12.77,10.89,8.21,10.39,10.18,6.33,10.44,5.52,9.24,8.82,9.34,10.93,9.09,9.32,4.98,12.28,13.14,8.11,5.46,13.01,4.54,11.17,8.97,8.72,8.97,10.29,8.5,12.14,11.49,8.32,4.41,10.11,13.41,9.28,9.44,9.94,10.39,8.69,9.13,7.47,13.14,8.75,9.57,10.4,5.1,14.55,6.3,10.48,9.15,9.94,9.84
TCGA-AC-A2FM-11,7.93,3.77,11.39,10.36,3.71,10.54,6.32,4.27,7.61,4.6,5.73,5.09,11.8,5.64,4.04,10.09,7.72,12.95,11.41,2.56,7.57,10.98,8.42,8.88,10.2,4.94,15.59,16.0,15.07,10.93,10.4,2.91,11.11,5.53,12.28,7.0,4.8,12.13,6.67,3.81,3.54,4.3,11.09,11.68,5.33,4.78,14.03,12.56,8.76,10.91,7.67,4.3,5.65
TCGA-BH-A204-11,6.54,5.6,10.3,11.25,3.1,9.9,7.18,4.87,6.36,4.2,4.4,5.37,8.51,6.6,4.23,8.58,11.41,10.49,11.18,2.92,4.35,8.66,9.53,8.02,6.13,4.01,12.04,11.5,12.09,9.86,10.82,3.47,5.22,6.5,9.46,6.53,4.77,13.27,7.18,3.97,2.39,3.52,9.37,11.49,5.05,5.51,13.64,11.66,4.53,9.82,6.75,4.37,5.08
TCGA-AC-A2FO-01,7.14,7.67,10.52,11.38,6.76,10.15,9.66,6.41,8.58,5.1,7.39,7.03,9.37,9.66,6.83,9.52,7.93,13.56,14.13,5.63,6.59,12.28,7.99,9.79,9.15,7.29,11.0,10.42,10.81,12.31,11.21,6.42,6.16,8.87,13.46,10.92,6.72,11.47,10.21,6.04,6.14,4.77,8.04,8.2,6.74,8.42,11.67,16.13,9.04,10.34,7.38,7.47,7.15
TCGA-A2-A0CV-01,8.08,7.7,11.77,11.77,3.25,10.04,8.54,5.56,8.45,3.61,6.33,5.25,10.86,7.65,4.21,8.26,7.9,12.38,13.23,2.48,2.92,12.27,8.04,10.83,9.64,3.94,12.29,11.97,11.75,11.45,11.2,6.52,7.35,6.23,11.78,11.27,5.04,11.01,13.59,4.56,4.63,3.43,11.69,9.02,5.55,5.78,12.16,15.07,7.31,10.63,7.0,5.24,6.93
TCGA-A7-A0DA-01,9.38,11.43,10.61,8.09,9.26,8.47,10.02,7.21,9.15,6.66,9.7,7.73,11.74,11.89,8.97,7.65,10.21,12.3,5.19,7.97,6.89,4.85,10.25,8.93,9.52,9.82,9.84,13.51,14.82,8.13,10.77,8.75,9.25,11.27,5.4,14.45,9.26,11.58,6.09,7.89,9.18,7.22,5.28,12.07,8.43,9.88,13.79,11.27,1.42,11.23,10.26,9.43,8.46
TCGA-D8-A1JM-01,10.7,10.1,12.02,10.39,9.53,9.52,11.09,8.18,11.27,9.94,11.1,9.53,13.86,12.73,10.69,8.35,9.97,12.2,10.46,10.36,9.02,7.06,10.38,8.32,8.54,10.66,2.32,2.49,15.22,5.81,10.69,10.12,8.71,12.77,6.8,6.5,10.18,12.09,2.9,8.71,9.08,9.39,1.79,12.86,10.46,11.51,16.2,13.13,8.1,11.28,9.9,10.88,9.92
TCGA-A8-A06U-01,7.02,8.93,9.23,8.87,8.76,10.15,11.0,7.29,10.09,6.07,9.49,9.24,9.4,10.65,8.4,9.29,5.98,13.62,14.34,8.28,7.07,12.98,7.27,10.22,8.64,8.66,10.26,10.07,10.3,11.95,11.31,8.02,5.82,10.87,12.56,13.19,10.38,10.48,10.4,7.24,8.1,6.86,10.01,10.25,8.94,10.79,9.51,12.27,6.07,8.42,8.1,9.95,9.24
TCGA-A2-A04T-01,9.49,10.54,9.39,8.63,10.17,8.21,6.87,9.71,10.99,9.67,10.83,9.38,12.79,12.92,9.98,5.99,8.62,12.28,4.88,10.41,7.12,3.68,11.15,6.4,8.68,11.03,10.85,11.56,13.29,6.36,11.98,9.51,10.54,12.66,5.24,10.85,11.6,11.47,4.8,9.59,9.95,9.13,4.12,12.05,9.68,10.98,14.81,11.95,1.26,12.03,12.09,10.48,10.28
TCGA-BH-A1FB-11,7.81,4.54,10.31,11.12,3.86,9.38,7.15,5.93,7.29,4.38,4.45,5.64,11.29,7.11,3.91,8.83,10.3,12.78,13.19,3.28,8.66,11.63,9.42,9.19,9.68,4.24,13.99,13.71,14.18,9.97,11.23,2.13,8.99,5.86,11.66,6.41,4.6,12.05,8.06,3.13,3.13,4.28,9.53,10.4,4.63,5.22,15.16,13.05,8.33,10.74,6.52,2.77,5.46
TCGA-BH-A0BT-11,7.58,6.15,10.63,11.17,4.33,10.06,7.43,5.64,7.76,4.02,5.63,5.84,11.65,7.77,4.69,9.36,10.21,13.01,14.04,3.57,7.02,12.07,8.81,9.7,9.25,5.15,14.63,13.56,14.82,11.27,11.5,3.46,9.79,6.72,12.22,6.24,5.0,11.58,9.48,3.83,3.41,4.34,12.21,10.85,5.33,5.85,14.87,14.46,7.45,11.07,6.59,4.9,5.85
TCGA-D8-A1X8-01,7.03,8.83,11.24,11.26,7.64,10.81,10.94,7.65,9.49,5.2,8.31,8.38,7.96,10.86,8.43,10.17,8.22,13.19,15.25,7.35,6.5,13.59,6.98,10.23,7.77,8.11,10.59,9.83,11.05,11.46,11.44,7.55,5.18,10.6,13.63,11.28,8.19,9.58,12.34,7.72,7.49,5.22,10.02,10.04,7.81,9.82,11.29,17.2,4.98,10.58,9.21,8.0,7.75
TCGA-BH-A1EO-11,6.56,6.03,10.84,10.29,4.43,10.44,7.18,4.9,7.32,4.51,5.81,5.9,1.54,6.54,5.99,8.87,9.38,9.71,8.16,3.85,2.04,3.11,9.07,8.42,2.53,5.42,3.23,2.04,3.94,8.83,10.39,5.16,0.97,6.98,8.47,7.38,5.78,11.79,6.87,5.05,3.72,3.7,6.5,10.95,6.21,6.94,12.35,10.72,1.14,10.04,7.58,5.28,5.65
TCGA-BH-A0DD-11,6.09,6.0,10.13,11.07,4.68,10.02,7.97,5.34,6.76,3.89,5.24,6.63,2.73,7.48,4.85,9.07,11.46,10.61,9.52,3.4,2.29,6.64,9.09,7.33,5.35,5.07,4.48,0.9,5.14,10.59,10.27,4.36,2.43,7.58,9.14,5.51,5.69,12.24,7.64,4.02,3.57,3.72,8.5,11.06,4.61,5.62,14.28,11.46,2.16,9.45,6.39,4.66,5.14
TCGA-BH-A1FN-11,8.03,6.81,10.26,10.66,5.66,9.6,7.73,5.96,8.08,5.14,6.34,6.9,10.87,8.2,6.52,7.84,9.69,11.34,9.59,4.99,5.17,9.47,10.41,8.48,8.89,6.07,12.89,11.91,13.27,8.83,10.86,5.59,7.86,8.49,9.95,7.96,6.37,12.16,7.09,6.29,5.71,5.01,10.08,10.14,6.93,7.37,15.0,12.36,7.41,11.43,8.18,6.23,6.12
TCGA-A7-A0D9-11,6.36,5.5,10.39,11.61,4.36,10.34,7.69,4.83,6.46,4.75,4.81,4.98,5.98,6.38,4.64,8.62,11.7,10.07,9.56,2.72,2.34,5.33,8.37,6.69,3.67,4.58,8.76,9.39,11.12,10.52,10.49,4.67,3.19,6.94,8.4,6.81,4.93,12.06,6.3,3.61,2.93,3.19,7.99,11.75,4.02,5.87,14.18,10.87,3.72,9.37,6.0,3.67,4.35
TCGA-BH-A0HF-01,7.12,8.93,10.53,11.23,8.31,11.34,9.64,6.36,9.83,5.22,9.13,8.47,9.74,9.53,8.33,9.46,8.12,12.43,13.8,7.12,4.52,12.64,7.79,10.6,8.81,8.43,11.94,13.71,15.37,11.38,11.02,7.96,5.24,10.14,12.61,12.58,9.25,10.23,12.25,7.69,6.95,6.74,9.33,10.61,8.57,10.25,10.69,15.83,7.17,10.62,9.54,8.41,7.91
TCGA-AN-A0FF-01,7.27,9.43,11.96,11.35,8.38,11.23,10.66,7.55,10.08,6.06,9.09,7.89,5.35,11.59,8.69,10.34,6.53,12.25,12.71,7.92,3.24,13.3,6.13,10.25,7.89,8.98,4.28,3.0,2.71,11.13,12.15,8.48,1.35,11.48,13.76,12.43,8.99,9.85,12.89,8.25,9.46,6.79,10.25,8.33,8.67,9.44,6.28,16.07,4.68,10.73,8.91,9.01,9.21
TCGA-BH-A0E0-11,7.92,5.69,11.27,10.45,5.54,10.16,6.6,4.05,8.13,4.45,6.83,5.86,11.72,7.7,4.96,9.89,9.09,13.77,10.25,3.24,9.08,12.06,7.9,9.18,9.87,6.33,13.84,13.33,14.59,10.6,9.93,4.64,10.28,7.95,12.59,7.49,6.66,11.93,8.25,4.56,4.42,4.79,11.41,10.86,6.39,6.97,14.36,13.31,9.89,11.08,7.47,5.92,6.33
TCGA-E9-A1RD-11,6.72,5.99,10.42,11.19,4.11,9.97,7.91,5.11,7.18,4.89,5.28,4.93,9.39,7.37,5.33,8.65,11.29,10.89,11.43,3.28,2.85,9.53,8.59,8.15,7.19,4.81,12.79,11.55,12.76,9.84,10.69,4.68,6.51,7.56,10.17,6.33,5.15,10.12,9.99,4.51,4.18,4.34,9.85,11.1,5.22,6.14,13.5,12.63,3.84,9.73,6.83,4.51,4.55
TCGA-AN-A0AL-01,7.84,11.13,9.73,7.92,10.29,9.06,10.29,7.91,10.41,7.35,11.3,9.67,8.16,10.55,9.98,9.07,9.22,11.39,6.11,9.29,4.74,9.26,12.25,10.58,7.8,10.28,9.65,10.92,6.84,3.62,10.7,10.1,11.68,12.74,10.76,13.74,12.23,10.24,7.06,9.69,9.31,7.33,5.95,12.94,9.08,11.23,12.46,10.69,7.17,11.16,10.39,10.55,8.71
TCGA-BH-A0HK-11,7.48,5.3,10.7,10.82,5.1,10.09,7.09,4.66,7.4,3.52,6.03,5.92,10.62,7.78,4.95,8.95,10.16,12.73,12.38,3.37,5.08,10.95,9.51,9.01,8.21,4.59,15.59,15.07,15.58,10.17,10.56,3.47,8.72,7.26,11.25,7.1,5.59,13.06,9.25,4.57,3.47,4.35,10.29,10.99,5.25,5.8,14.38,13.58,7.1,10.65,7.13,5.11,4.72
TCGA-BH-A1F2-11,7.08,5.67,10.2,11.25,3.5,9.74,7.58,6.11,7.24,4.73,5.0,5.29,10.89,7.52,4.88,8.6,11.58,11.7,11.03,3.55,5.61,9.9,9.13,8.24,8.04,4.92,13.32,13.19,13.61,9.34,11.02,3.32,7.57,7.43,10.37,6.01,5.24,12.44,6.46,4.27,3.36,3.81,9.35,11.5,4.33,5.37,13.93,12.24,5.57,10.22,6.91,4.37,4.85
TCGA-BH-A18L-11,7.17,5.17,10.4,11.23,3.66,9.97,7.5,5.91,7.29,4.46,5.8,5.8,10.53,7.68,4.74,9.09,10.71,12.15,12.8,3.63,3.81,11.18,8.99,8.71,8.63,5.02,13.85,13.25,13.45,10.63,10.82,4.62,8.43,7.2,11.47,6.3,4.71,11.85,8.68,3.63,3.9,3.9,11.68,11.14,4.76,5.85,14.25,13.89,5.77,10.25,6.67,4.35,5.46
TCGA-AC-A23H-11,7.36,5.89,10.44,11.11,4.27,9.51,7.71,5.92,7.81,4.24,5.71,6.17,11.02,8.14,4.97,7.89,11.02,11.7,12.16,4.47,5.1,10.39,9.6,8.43,8.11,5.53,14.13,12.73,14.03,9.39,11.15,4.66,8.79,7.67,9.92,6.23,5.43,11.16,6.86,5.1,4.76,3.87,9.45,10.9,5.71,6.73,15.04,12.84,6.5,10.8,7.69,4.82,5.07
TCGA-E2-A158-11,8.6,7.22,10.43,10.76,4.77,9.86,6.72,5.44,6.86,5.15,6.42,5.22,7.62,7.96,5.27,8.44,11.05,11.13,10.34,4.52,4.44,8.17,9.77,7.41,6.28,5.81,10.92,10.58,10.8,9.86,10.29,4.74,7.52,7.48,9.41,6.69,5.87,11.96,6.14,3.38,4.63,5.31,9.94,11.25,4.11,6.25,12.82,11.42,4.0,9.78,6.05,5.4,5.38
TCGA-A8-A09R-01,6.81,9.38,10.34,10.1,8.38,9.91,11.74,8.27,10.23,6.58,8.22,8.76,9.04,11.57,8.17,10.29,6.82,13.6,12.85,7.89,4.59,13.02,5.6,9.5,9.3,8.62,7.23,8.31,7.91,9.52,11.12,7.52,2.76,11.05,12.03,14.34,9.51,8.91,7.03,8.21,8.2,6.38,7.18,8.87,8.45,10.76,6.15,15.61,7.1,10.19,8.72,8.83,8.79
TCGA-BH-A0DP-11,7.13,5.29,10.58,11.99,3.64,10.13,7.32,5.69,7.23,3.61,4.48,4.48,12.28,7.42,3.99,9.46,10.74,13.6,13.11,3.08,6.06,11.52,8.03,9.33,9.46,5.05,14.54,14.07,14.95,10.46,10.78,2.76,9.53,6.11,12.46,6.25,4.55,11.88,8.91,3.19,3.39,3.99,11.28,10.5,5.21,5.15,15.04,14.44,8.43,10.37,6.67,3.02,4.63
TCGA-A8-A0A1-01,7.64,8.65,10.05,10.92,7.34,10.11,11.19,8.05,9.84,4.73,8.96,7.85,7.39,11.24,8.01,9.96,7.39,12.57,14.58,7.39,4.62,13.02,6.48,9.33,8.47,8.23,5.95,6.2,6.18,12.45,11.32,7.37,3.09,10.86,13.63,13.02,8.17,9.11,13.37,7.36,7.88,5.27,10.39,8.84,8.06,9.61,9.69,14.23,6.07,10.54,8.88,8.12,7.58
TCGA-B6-A0IN-01,8.09,9.01,11.17,11.86,9.22,11.02,9.29,4.92,9.8,6.49,9.09,8.89,8.93,10.29,8.44,10.38,6.45,14.16,13.42,6.42,9.15,12.8,7.13,10.09,8.89,8.36,8.62,8.59,7.74,7.19,10.64,8.02,2.74,10.14,13.05,11.62,9.35,9.76,11.18,8.02,8.24,6.9,5.24,9.29,9.55,9.83,9.6,16.73,2.25,10.24,8.71,9.35,8.5
TCGA-BH-A0C0-11,8.31,5.25,10.28,11.12,3.52,9.61,7.53,6.14,7.5,3.64,5.29,5.83,11.48,8.0,3.64,8.89,11.0,12.84,13.27,2.72,8.8,11.88,9.34,9.38,9.23,4.12,14.49,13.95,14.88,10.85,11.1,3.02,8.93,6.64,11.65,6.01,4.62,11.39,8.05,4.52,3.56,4.2,10.35,10.84,4.6,5.24,15.25,13.28,7.76,10.78,6.49,3.32,5.58
TCGA-BH-A1FH-11,7.51,7.21,10.34,10.21,5.34,9.9,7.45,5.63,7.75,4.79,6.38,6.33,11.13,8.1,5.84,8.82,10.11,11.79,9.85,5.01,3.89,9.35,9.63,8.17,8.49,5.83,14.14,13.91,14.34,8.58,10.79,5.05,9.23,7.53,10.1,6.95,6.61,12.31,6.68,5.35,4.86,4.46,9.06,10.35,6.02,7.04,14.4,11.99,5.99,10.87,7.48,6.12,5.86
TCGA-B6-A0WS-01,7.06,8.46,11.47,12.67,8.03,10.87,11.3,7.56,9.19,6.16,8.5,8.63,9.07,10.33,8.68,9.52,7.39,12.17,13.94,7.09,3.81,12.29,7.04,10.54,9.05,8.56,9.04,9.51,9.71,12.77,12.25,8.2,2.36,10.82,13.05,13.56,8.96,10.73,9.65,7.72,7.02,6.26,11.68,7.37,8.11,9.83,8.74,16.85,7.72,10.65,9.9,7.86,8.16
TCGA-BH-A18R-11,7.76,5.1,10.27,11.58,3.33,9.5,7.75,6.24,7.35,4.63,4.37,5.94,10.44,7.85,4.1,8.79,11.49,12.21,12.44,3.74,6.66,11.29,8.79,8.87,8.7,5.04,13.31,12.23,13.47,10.74,10.85,3.3,7.77,6.81,10.77,5.69,5.02,11.53,8.6,4.2,4.1,3.99,9.44,11.3,4.84,5.21,14.43,12.59,6.44,10.46,6.66,3.21,4.74
TCGA-A2-A25A-01,7.17,9.15,10.45,10.79,7.19,10.51,9.59,7.02,9.32,5.18,8.84,6.84,10.82,10.49,7.92,9.53,9.57,11.55,11.68,6.72,4.2,12.05,9.09,9.83,8.44,8.43,12.45,12.41,12.37,10.64,10.96,7.93,7.35,10.48,12.04,11.06,8.4,11.31,11.82,7.63,7.56,5.49,12.83,9.86,7.88,9.53,12.98,13.6,6.69,10.77,9.02,8.28,7.69
TCGA-BH-A0DS-01,7.97,9.53,10.43,9.96,6.32,9.93,8.93,5.87,8.98,5.34,7.74,6.56,9.22,9.01,7.47,9.28,5.67,12.93,13.39,5.28,5.47,13.23,6.53,10.01,9.22,6.44,5.26,7.12,4.47,10.71,10.76,7.18,2.04,8.95,12.95,13.95,7.11,9.17,12.97,6.33,6.63,4.3,11.38,9.06,7.46,8.85,8.49,15.61,9.32,10.18,8.44,7.25,7.18
TCGA-Z7-A8R5-01,7.86,6.3,11.34,9.67,6.95,10.85,8.48,4.37,8.27,5.52,7.41,6.45,11.85,7.8,6.35,9.2,6.58,13.02,11.69,5.55,7.54,11.55,9.57,8.62,10.14,5.9,15.2,14.11,13.96,10.49,10.13,5.32,11.48,7.94,12.52,11.51,7.43,10.84,11.57,6.18,5.23,5.32,8.78,11.38,7.72,7.5,13.69,12.9,7.86,11.34,8.07,7.11,7.4
TCGA-S3-AA17-01,7.61,9.57,11.55,12.44,9.27,8.96,11.04,7.54,9.71,6.06,9.47,9.18,7.63,11.46,8.75,10.37,6.46,12.82,14.29,8.35,6.4,11.88,5.74,9.8,9.5,9.11,4.33,5.99,8.12,9.77,11.37,8.41,1.86,10.59,13.1,11.2,11.3,11.42,9.32,7.33,8.03,7.26,5.96,9.33,8.6,9.84,5.23,15.51,7.82,10.17,9.02,9.86,9.33
TCGA-A2-A0YK-01,7.85,7.85,10.11,10.78,5.29,8.78,9.629999999999999,7.64,8.46,5.07,7.91,6.9,10.62,10.03,7.14,9.02,9.97,12.08,13.65,6.71,9.26,12.44,9.13,10.31,8.31,7.59,12.09,11.64,12.64,10.11,11.05,6.73,7.47,10.02,12.15,10.58,7.96,11.04,11.38,6.36,7.44,5.11,7.85,10.28,7.34,8.9,13.86,12.3,6.05,10.75,7.61,7.36,6.72
TCGA-C8-A1HM-01,6.75,11.0,7.86,9.29,9.75,10.85,12.18,9.04,10.74,6.94,10.14,10.74,10.79,12.3,9.91,9.0,3.39,12.09,14.74,9.77,6.09,12.77,6.68,10.26,9.0,10.02,1.53,6.0,2.52,6.77,10.98,10.27,2.29,12.32,10.65,10.33,11.58,10.21,9.44,8.73,10.64,9.38,9.12,9.73,9.75,11.55,3.78,13.66,5.35,11.76,10.34,11.49,10.86
TCGA-B6-A0IQ-01,10.03,10.32,10.54,9.9,9.97,8.74,10.7,7.33,11.08,9.16,11.4,9.26,11.76,13.46,9.9,7.53,8.4,11.55,4.25,10.62,8.29,6.96,12.66,6.44,9.15,10.86,8.22,14.41,13.32,6.01,10.19,10.5,7.86,11.87,9.35,11.43,12.19,12.19,5.69,10.12,11.5,9.11,2.61,12.33,11.0,10.51,13.42,10.89,2.1,9.46,9.67,11.29,10.07
TCGA-BH-A18Q-11,7.69,6.14,10.2,11.44,3.82,9.24,7.82,6.75,7.46,4.42,5.38,5.92,11.22,8.8,5.11,8.9,11.07,12.58,12.4,4.67,8.48,11.68,9.07,9.29,9.01,5.89,13.72,13.72,14.34,9.24,11.11,4.46,8.86,7.76,11.23,6.11,5.85,11.25,6.72,4.58,4.48,4.58,9.59,10.9,5.48,6.11,14.67,12.79,7.66,10.54,7.59,4.86,5.27
TCGA-A7-A4SA-01,8.4,8.51,10.1,9.76,8.33,10.89,7.6,6.4,10.24,6.82,9.73,7.97,8.94,10.05,8.57,10.93,8.1,13.51,12.66,7.15,3.89,12.65,7.57,10.03,9.56,8.89,9.92,10.12,10.62,11.68,11.03,7.82,4.03,10.86,12.65,12.44,10.33,10.61,11.73,6.9,7.56,5.84,7.5,11.18,8.82,9.91,11.22,14.3,4.42,10.49,8.82,10.03,8.95
TCGA-E9-A5UO-01,7.31,8.42,11.83,12.7,8.57,10.69,12.03,7.36,9.01,6.6,8.14,9.81,2.05,9.42,8.15,10.99,3.84,13.61,13.56,7.28,2.3,13.26,5.36,10.32,9.34,8.08,0.48,4.64,2.79,10.65,11.85,8.57,2.09,10.22,14.32,7.69,10.26,7.77,11.08,7.53,7.56,8.65,11.51,9.8,7.91,9.68,3.08,17.38,6.75,9.03,10.56,8.77,8.7
TCGA-BH-A0B8-11,6.5,3.84,10.43,11.39,2.18,10.27,7.36,3.89,6.38,4.87,3.98,4.96,6.56,5.22,3.03,8.98,11.41,9.39,9.65,1.54,2.12,5.36,9.09,7.55,3.89,3.46,10.82,10.61,11.57,10.12,10.74,3.33,3.19,5.26,8.33,5.77,3.33,11.28,6.18,2.12,2.64,1.28,8.41,12.08,3.98,4.33,13.12,11.13,1.95,9.4,6.15,2.53,4.18
TCGA-AC-A2FF-11,8.22,8.34,10.4,10.43,7.21,9.95,8.32,7.14,8.86,5.79,7.9,7.87,11.74,9.61,7.33,9.64,10.64,12.72,10.46,6.59,8.87,11.52,9.22,8.93,8.57,7.56,13.03,12.14,13.56,10.96,10.89,6.87,9.09,10.37,11.55,8.57,8.15,11.73,9.1,7.02,5.87,5.95,11.08,10.61,7.21,8.71,14.57,13.28,8.22,11.5,8.92,7.27,6.84
TCGA-E2-A107-01,7.94,9.7,10.62,9.63,9.55,10.96,11.86,6.82,10.94,6.36,9.67,9.5,8.9,11.42,9.37,11.05,5.62,13.63,13.53,9.06,9.2,12.64,6.57,10.97,9.58,9.1,10.28,10.34,10.54,12.31,11.27,9.0,4.9,11.32,13.46,11.99,9.75,9.62,14.22,8.09,8.87,6.93,6.44,10.18,9.37,10.4,9.39,14.89,5.87,11.35,9.7,9.14,10.02
TCGA-GI-A2C8-11,6.89,5.47,10.86,10.64,1.25,9.39,7.59,4.29,6.02,4.26,3.5,4.22,0.6,6.31,4.26,9.97,9.74,10.66,9.23,2.74,7.46,0.6,7.85,5.49,1.02,3.9,0.0,0.6,1.35,12.1,11.23,2.85,0.6,6.56,6.51,6.01,3.63,11.67,4.17,3.75,3.44,3.37,6.26,6.86,4.29,4.47,8.01,9.47,1.62,8.37,5.76,3.04,7.76
TCGA-BH-A0AY-11,7.34,5.49,10.46,11.2,4.91,9.88,7.54,5.76,7.47,3.62,5.79,5.95,10.57,7.42,5.25,8.79,10.28,11.61,12.9,4.39,4.61,11.39,9.58,9.1,8.22,5.4,13.53,13.3,14.3,10.49,10.77,4.45,7.69,7.25,11.51,6.66,5.57,11.86,8.97,4.13,3.46,3.98,12.06,10.76,5.57,6.35,14.06,14.04,5.78,10.32,7.53,4.2,4.91
TCGA-GM-A2DD-01,7.04,9.65,10.0,8.9,7.95,11.34,9.379999999999999,6.24,9.9,7.45,10.35,8.65,11.05,10.12,8.27,7.69,10.5,12.97,6.28,7.6,8.81,11.8,7.66,9.8,8.1,8.84,11.27,10.93,14.66,5.93,10.59,8.01,5.79,10.4,9.95,14.5,11.14,10.62,6.98,7.85,7.38,8.17,5.02,10.64,9.14,10.73,10.5,10.88,7.6,11.19,8.45,10.39,7.44
TCGA-AC-A2QJ-01,9.8,7.9,10.58,6.6,10.57,11.22,9.280000000000001,2.35,10.37,7.84,11.42,8.29,10.4,8.86,7.15,9.39,6.29,11.18,5.2,7.27,8.38,3.29,8.46,4.92,6.29,10.0,15.23,15.38,14.29,5.58,8.81,6.84,9.64,10.32,9.35,16.41,11.29,12.63,5.49,7.75,7.01,6.43,0.0,12.5,10.57,9.7,7.44,9.31,5.06,8.69,9.67,10.4,8.08
TCGA-AO-A0JJ-01,7.31,9.07,11.0,10.93,7.81,11.01,10.91,6.86,9.39,4.9,8.57,8.46,9.21,10.9,8.05,9.75,9.15,12.0,14.11,7.54,1.96,13.11,8.02,10.65,8.36,8.41,10.91,9.82,11.27,9.77,11.12,7.02,5.79,10.9,13.13,10.29,8.22,9.82,10.77,7.61,7.48,5.95,12.0,10.46,7.98,9.3,12.51,16.09,8.17,10.35,9.23,8.56,8.1
TCGA-D8-A1J8-01,7.81,11.81,10.39,9.66,8.67,10.73,11.3,8.96,11.45,7.34,8.88,8.95,7.15,12.19,9.52,9.12,7.57,10.48,14.43,9.99,5.79,13.41,7.0,10.71,7.52,8.98,5.74,7.47,6.59,9.04,11.89,10.22,0.63,11.51,12.72,12.14,10.13,8.42,11.78,8.82,9.74,7.23,6.68,7.59,10.32,12.47,5.69,13.25,9.36,10.76,9.09,10.4,10.01
TCGA-E2-A1IH-01,7.89,9.38,11.25,10.84,7.94,10.0,10.47,7.33,9.7,6.62,7.44,8.64,8.8,10.27,8.17,9.37,6.43,12.54,13.0,7.82,8.52,12.89,7.95,10.45,8.68,7.96,0.73,2.85,3.82,12.01,11.86,8.06,3.33,10.71,12.51,12.97,8.81,10.32,11.71,7.53,7.9,6.44,10.67,6.94,8.81,9.52,8.45,14.87,4.01,10.57,8.93,8.85,8.17
TCGA-BH-A0E9-01,8.34,8.58,11.02,11.72,6.52,9.49,10.31,6.85,8.95,6.0,6.92,7.56,11.23,10.97,7.04,9.07,9.84,13.32,14.23,7.43,7.64,12.88,7.87,10.17,9.11,6.49,13.43,13.15,13.86,11.82,11.2,7.23,7.25,10.01,13.48,10.06,8.41,11.01,11.8,6.88,9.22,5.64,11.95,9.86,6.54,8.95,12.72,16.65,5.04,10.52,8.62,7.43,8.09
TCGA-BH-A1FG-11,7.27,5.9,9.9,11.23,4.19,9.3,7.04,4.54,8.08,3.47,3.93,6.09,10.07,6.17,5.57,7.11,9.77,10.57,13.13,2.59,3.47,12.27,10.88,10.41,8.23,3.09,13.88,12.96,14.66,9.32,11.73,1.98,8.22,5.73,10.73,4.12,3.57,12.21,9.69,1.81,4.12,3.72,11.27,9.65,6.37,5.79,14.67,13.62,7.07,10.66,6.76,5.42,6.25
TCGA-BH-A18V-11,9.09,3.83,10.96,10.3,4.33,10.04,6.66,3.62,7.46,4.02,5.8,4.56,11.09,5.86,3.14,8.58,8.04,12.68,10.76,1.98,6.07,10.89,9.39,8.09,10.63,4.52,14.66,14.86,13.91,10.17,10.35,0.98,9.43,4.58,12.24,7.27,4.56,12.41,7.09,3.97,2.97,4.18,10.32,11.39,6.02,3.73,14.52,12.46,7.38,11.16,5.89,4.02,4.95
TCGA-E2-A1L7-11,7.72,6.71,10.26,10.82,4.94,9.83,7.93,6.31,7.76,4.27,6.94,6.49,11.83,8.33,5.77,8.78,10.2,12.68,11.48,5.0,7.49,11.12,9.15,8.87,9.17,6.7,14.35,14.28,15.09,10.43,10.53,5.33,9.31,8.39,11.97,6.6,7.06,12.67,7.04,5.74,5.03,5.17,12.52,10.63,5.98,7.22,14.43,13.76,5.96,10.95,7.76,5.9,6.05
TCGA-AR-A5QP-01,8.08,9.2,10.63,10.08,7.79,10.83,10.03,6.69,9.39,6.42,8.78,7.98,9.86,9.96,8.28,10.68,7.9,12.72,13.47,7.28,5.62,12.56,8.93,10.53,9.79,8.28,12.37,11.81,12.59,11.73,10.79,8.06,7.35,9.24,12.97,12.4,8.11,11.52,7.84,7.45,7.8,6.52,9.48,10.32,8.73,8.17,12.93,12.76,8.53,10.26,8.95,8.38,9.61
TCGA-E9-A1R7-11,6.56,5.51,10.39,11.54,1.69,10.12,8.13,5.81,6.66,4.46,4.7,5.33,9.52,7.05,4.56,7.99,11.48,10.53,10.74,3.53,3.31,8.8,8.93,7.78,6.63,3.25,12.81,11.58,12.88,10.19,10.69,4.46,5.37,6.48,9.47,5.33,3.58,9.81,7.25,3.47,2.65,3.53,9.94,9.89,4.46,4.61,13.73,12.11,4.29,9.65,5.87,3.31,4.51
TCGA-E9-A1RF-01,6.53,8.97,10.52,10.21,8.41,10.24,9.59,7.72,9.78,6.39,8.9,7.44,9.97,11.4,7.66,10.03,6.7,13.44,13.14,7.37,7.36,12.58,6.47,8.5,9.88,8.78,9.85,10.46,9.94,10.51,10.79,7.38,3.88,10.51,12.68,15.32,10.08,10.01,10.62,7.22,7.95,6.58,7.35,6.33,9.19,10.6,7.19,13.48,5.89,9.47,8.38,9.59,8.86
TCGA-BH-A18V-01,7.61,12.18,10.75,8.95,9.98,9.15,12.11,10.24,10.97,7.76,10.89,9.75,13.17,13.06,11.66,6.1,12.0,12.35,7.28,9.16,6.37,5.43,9.91,5.77,9.65,10.62,15.03,13.12,14.93,4.91,9.94,11.21,6.63,12.79,4.29,11.25,13.55,12.8,6.08,9.5,10.13,9.57,4.82,12.46,9.13,10.92,11.61,10.91,1.87,9.4,9.55,11.06,9.33
TCGA-A2-A0T0-01,8.95,10.77,9.86,6.86,10.29,9.04,10.96,6.24,10.02,8.18,10.96,9.65,11.25,12.06,8.93,6.61,8.49,11.74,6.44,9.93,8.32,8.94,11.38,9.19,8.98,9.92,9.7,10.53,5.2,8.63,11.72,9.61,4.56,10.99,7.87,14.66,11.37,13.28,6.09,9.37,9.05,8.19,4.41,9.51,10.07,11.59,13.1,11.49,0.99,11.48,9.91,10.19,9.78
TCGA-B6-A0X1-01,9.61,11.09,10.0,9.03,10.65,9.67,12.23,9.09,11.52,9.77,11.69,10.15,10.86,12.25,10.32,8.48,9.12,12.44,9.94,9.0,7.59,4.4,7.5,6.18,8.44,11.05,10.18,12.2,14.74,6.2,10.88,10.29,4.98,12.58,3.36,11.11,10.13,11.57,5.23,9.18,10.54,8.94,4.44,9.87,10.78,11.03,9.59,10.81,3.28,7.79,9.65,10.18,9.67
TCGA-BH-A0BW-11,7.67,8.57,9.79,10.65,7.5,9.24,8.84,7.84,8.8,6.43,8.46,7.81,11.86,10.4,7.9,8.72,9.99,11.91,10.73,7.22,4.22,8.88,10.61,8.5,8.85,8.18,13.89,13.17,14.31,7.78,11.02,7.48,8.73,11.1,9.19,7.97,9.75,12.51,6.92,7.53,7.09,6.53,7.92,10.39,7.74,9.51,13.73,11.97,5.39,11.11,9.04,7.63,6.75
TCGA-A7-A0DB-11,5.84,8.9,10.19,10.51,6.91,10.43,7.88,6.79,8.13,5.11,7.05,6.98,4.5,8.78,7.4,8.79,10.8,9.45,8.84,5.4,1.35,3.56,8.08,7.56,2.36,6.67,7.26,9.15,10.95,9.2,10.54,6.82,0.6,9.76,8.04,7.15,7.56,11.18,6.36,6.73,6.03,4.71,6.93,10.71,7.29,8.36,12.03,10.62,1.84,9.82,8.49,7.15,6.02
TCGA-BH-A0HI-01,7.28,7.72,10.97,10.75,6.58,11.57,10.23,6.4,8.9,3.98,7.89,7.75,6.98,10.04,7.28,10.47,5.59,12.89,14.42,6.7,3.91,13.53,6.69,11.04,7.75,7.47,8.48,8.95,8.65,12.19,11.05,6.79,3.18,9.4,12.94,13.88,7.59,10.19,14.01,7.07,7.02,4.72,11.68,10.19,7.1,9.8,7.75,16.04,7.04,10.74,8.37,7.82,7.5
TCGA-BH-A0H0-01,7.6,10.96,10.23,11.84,8.2,11.03,11.75,8.33,10.19,6.05,9.83,9.37,4.01,12.67,10.08,10.27,5.32,12.94,13.67,8.85,5.08,13.16,5.17,11.74,9.45,9.42,5.92,5.48,5.79,5.76,11.52,9.04,1.93,11.04,14.02,8.77,9.16,11.18,9.38,8.53,8.86,6.75,6.14,4.59,8.71,9.76,7.62,13.31,7.8,10.02,10.69,9.26,9.76
TCGA-A8-A08X-01,6.91,11.0,10.83,8.47,9.39,10.46,10.75,8.98,9.98,7.74,10.25,8.81,11.55,12.4,9.71,8.3,9.94,17.29,7.34,9.13,8.08,11.31,6.03,9.63,11.08,9.57,7.8,10.04,13.86,8.78,9.92,10.7,2.06,12.05,10.59,14.5,12.12,11.64,6.76,9.64,9.45,7.94,6.2,8.44,8.63,10.69,8.87,11.32,6.78,11.86,10.15,10.75,9.78
TCGA-AC-A2FB-11,7.34,6.03,10.54,11.15,5.05,10.14,7.43,5.12,7.36,4.59,5.63,6.15,11.25,7.62,5.09,8.7,10.58,12.02,11.64,3.49,3.95,10.28,9.06,8.23,8.5,5.72,15.13,13.86,14.99,10.09,10.84,3.92,8.63,7.56,10.74,6.04,6.01,11.78,7.79,5.13,3.6,4.06,10.84,11.07,6.06,6.04,14.52,13.3,6.42,10.61,7.28,5.18,5.19
TCGA-E9-A1RB-11,7.65,7.77,10.36,11.19,6.43,9.62,8.47,6.63,8.12,5.11,7.51,6.92,10.08,9.69,6.54,8.58,11.64,11.2,10.99,6.32,5.0,10.4,8.68,8.33,8.03,7.3,10.78,10.54,11.72,10.61,10.93,5.92,6.74,8.99,10.1,5.92,8.75,10.98,8.87,5.75,6.52,4.92,10.81,10.74,6.1,7.32,14.4,12.68,5.87,10.3,7.55,6.95,7.06
TCGA-A8-A08L-01,8.19,9.41,9.13,10.27,9.98,9.27,11.12,6.52,10.07,8.21,9.93,10.04,7.34,12.58,9.0,9.05,10.11,13.43,11.06,9.57,10.49,12.74,4.87,11.09,10.03,9.98,0.96,3.44,4.89,10.76,11.42,9.41,1.89,12.07,12.48,12.57,11.3,7.89,6.82,8.48,9.27,8.27,3.05,13.29,8.86,11.79,5.51,12.08,7.56,8.79,9.63,10.51,9.3
TCGA-BH-A209-11,7.78,6.44,10.13,11.12,4.95,9.72,7.75,6.76,7.49,4.54,5.32,6.49,11.04,8.27,5.79,7.9,10.71,11.64,11.34,4.29,6.34,10.74,9.6,8.8,8.05,5.76,13.72,13.04,14.16,10.46,11.05,4.81,7.68,8.08,10.12,5.6,5.27,11.68,7.39,5.84,4.59,4.7,10.39,10.4,5.78,6.77,14.43,12.86,7.75,10.83,7.88,4.66,4.94
TCGA-BH-A0B6-01,7.65,6.44,10.31,11.28,6.65,10.8,8.43,5.09,8.55,4.95,8.7,7.1,8.77,8.3,7.09,10.4,6.35,11.85,13.04,5.61,11.18,12.41,5.81,11.52,8.18,7.18,9.07,8.82,9.17,8.65,10.73,6.76,4.64,9.28,11.95,11.12,8.56,9.07,10.97,6.47,5.84,4.89,5.75,8.44,7.67,8.88,9.41,14.61,6.93,10.42,8.33,7.76,6.83
TCGA-AC-A2BM-01,8.37,9.13,11.34,12.21,7.72,9.93,11.44,8.02,9.96,6.52,7.2,9.32,6.25,10.82,8.79,10.72,5.54,11.53,12.26,8.24,2.15,12.35,6.69,9.0,8.64,8.29,6.15,6.51,6.83,11.72,13.33,7.59,1.47,10.77,12.09,12.16,9.79,10.1,10.55,7.83,7.67,7.02,11.87,8.64,7.93,9.44,7.29,16.5,2.46,9.73,9.6,8.8,8.68
TCGA-BH-A0HA-11,9.07,6.35,10.21,10.98,4.66,8.83,8.24,7.19,7.68,5.06,6.61,7.04,11.69,8.3,5.06,8.97,11.2,12.25,10.75,5.29,6.02,10.09,9.8,8.34,9.89,5.93,13.72,13.23,14.53,11.13,10.74,5.39,8.76,8.16,10.69,5.01,7.02,13.43,5.6,5.05,4.41,6.01,10.94,11.35,5.68,6.74,15.55,12.95,5.68,11.29,7.79,5.13,6.05
TCGA-BH-A0DH-11,7.02,5.13,11.16,10.87,5.7,10.37,6.93,4.66,7.9,5.16,6.04,5.97,11.64,7.15,5.08,9.11,9.41,12.33,12.57,3.72,5.65,11.35,8.73,8.02,8.78,4.69,16.26,15.71,16.17,10.06,10.52,4.82,9.5,6.54,12.1,8.06,5.85,11.24,8.26,3.57,3.52,4.86,10.71,12.0,6.3,6.47,13.91,12.95,7.51,10.34,7.32,5.49,5.45
TCGA-AR-A5QN-01,7.56,9.17,10.82,10.3,7.18,9.75,10.8,8.0,8.7,5.67,6.7,7.88,9.73,9.55,6.88,10.37,8.48,13.15,14.3,7.83,4.88,12.54,8.3,10.41,9.88,6.89,11.08,11.55,11.14,11.16,10.84,8.38,5.45,8.57,13.83,11.9,9.54,11.27,11.64,6.61,7.99,7.47,7.59,9.0,7.72,9.86,10.17,16.54,4.26,9.75,8.35,7.86,7.67
TCGA-AO-A12G-01,7.82,9.04,10.45,10.84,7.95,10.46,9.969999999999999,5.44,9.41,4.86,8.86,8.1,8.8,10.4,7.44,9.82,7.22,13.39,13.62,6.97,10.42,12.85,7.56,9.98,8.91,8.07,9.87,10.02,10.18,11.63,10.6,7.4,4.88,9.98,12.21,13.0,8.95,10.63,11.72,7.54,7.38,5.71,9.31,9.63,8.28,8.72,9.48,12.95,6.95,11.3,9.12,8.46,8.32
TCGA-A8-A091-01,7.95,9.34,11.96,12.48,7.09,8.68,10.77,8.14,8.9,4.33,7.58,8.2,7.08,10.31,7.09,9.69,6.99,12.97,14.21,6.33,10.46,13.7,5.6,10.54,9.28,7.58,7.61,6.36,7.99,10.3,10.87,7.1,3.14,10.71,13.25,12.16,7.6,9.33,7.14,7.16,6.82,5.82,5.24,8.11,7.03,8.44,9.07,15.25,7.84,10.14,9.35,7.69,7.49
TCGA-A7-A13E-11,6.71,6.24,10.08,11.11,3.78,10.15,7.61,5.14,6.8,4.69,5.18,5.37,9.86,7.13,4.97,9.01,10.8,11.42,12.17,2.78,5.37,10.2,8.54,8.02,7.52,4.46,11.65,11.41,11.8,10.48,10.71,4.25,8.22,7.53,10.23,6.88,3.97,11.12,7.92,4.39,2.78,4.01,11.14,11.31,5.19,5.58,13.33,12.55,6.08,10.08,7.07,4.39,4.94
TCGA-BH-A18S-11,7.05,5.77,10.3,10.82,4.31,9.99,7.04,5.82,7.4,4.02,4.99,4.83,11.33,6.95,4.9,8.96,10.18,12.39,12.16,3.32,6.19,10.72,9.72,8.81,9.37,5.01,14.68,14.54,14.47,10.07,10.79,3.79,9.05,7.16,11.41,6.02,4.99,12.77,7.67,2.93,2.84,3.88,9.48,9.51,5.46,5.65,14.13,12.86,6.99,10.4,7.12,5.25,5.12
TCGA-E2-A15M-11,6.98,5.66,10.18,10.92,2.93,9.57,6.89,5.58,7.09,3.14,4.21,5.07,10.81,7.2,4.28,8.48,10.76,12.33,11.74,3.14,5.98,11.16,10.22,9.0,8.99,3.64,14.5,14.32,14.35,10.57,11.13,2.36,7.7,6.67,11.1,6.97,4.61,13.28,8.1,2.98,2.08,2.6,11.15,10.21,4.91,5.61,13.65,13.02,7.55,10.42,7.15,3.84,5.19
TCGA-A8-A096-01,6.55,10.13,10.35,11.48,7.96,10.87,11.08,8.02,9.43,5.1,9.03,7.87,9.2,11.4,8.82,9.87,6.54,12.57,13.92,7.51,5.49,13.14,5.8,8.93,8.69,8.54,1.03,5.24,6.39,7.92,11.06,7.99,1.07,11.49,12.91,14.43,7.94,10.52,12.75,8.04,7.46,5.48,8.36,6.91,8.36,10.24,5.38,12.91,9.51,11.03,9.37,8.6,7.71
TCGA-EW-A6SA-01,6.42,9.09,11.12,10.33,9.81,10.32,10.68,8.76,10.99,6.09,10.01,8.46,8.25,11.33,8.89,11.36,4.51,12.59,14.71,6.51,2.04,13.64,7.99,9.86,9.38,10.05,2.5,2.58,2.58,11.74,13.77,9.43,4.38,11.55,14.23,11.51,11.37,10.2,6.8,8.99,8.62,7.45,3.61,5.97,9.41,9.49,4.56,15.25,2.33,11.26,10.27,9.88,9.66
TCGA-BH-A0E1-11,9.2,5.36,10.73,11.1,3.38,9.36,7.34,5.14,7.53,4.5,7.51,6.28,11.5,6.79,4.06,8.19,10.66,12.34,11.34,3.43,4.26,10.62,10.26,8.17,9.66,5.08,14.39,13.71,14.48,11.43,10.62,3.37,9.25,6.16,11.65,5.77,5.8,13.45,5.45,3.14,3.43,4.56,11.48,11.29,5.28,5.56,15.81,13.56,5.22,11.13,7.73,4.8,4.9
TCGA-E9-A1RF-11,6.54,3.99,9.97,11.76,3.02,10.04,8.02,5.12,6.05,3.17,2.33,4.34,1.14,5.75,3.24,7.55,11.72,9.11,9.69,2.81,0.49,2.07,8.15,6.79,0.85,2.73,3.66,0.0,4.16,9.83,10.94,3.35,0.91,5.48,8.12,5.13,2.89,10.4,6.41,2.21,1.93,2.73,7.71,9.97,4.13,3.87,13.89,11.09,0.49,9.44,5.57,2.89,4.09
TCGA-LL-A50Y-01,7.72,6.99,11.53,10.15,7.98,10.27,9.46,4.11,9.09,4.41,8.9,6.99,5.88,9.45,6.88,9.93,3.72,13.83,13.83,6.41,6.33,12.99,5.21,10.07,9.97,8.04,8.1,7.79,6.68,11.71,10.07,6.68,2.92,8.93,14.43,13.84,7.5,8.51,12.65,6.99,8.24,4.54,11.73,9.74,8.14,9.04,5.73,14.73,8.0,10.27,9.17,8.37,8.22
TCGA-BH-A0DK-01,6.76,9.11,11.82,11.63,9.21,11.02,9.74,6.8,9.9,6.31,9.48,8.37,10.46,11.07,9.08,10.91,9.11,11.59,12.49,8.52,7.11,12.42,8.73,9.92,8.1,9.1,10.59,12.17,13.51,7.28,11.06,8.65,5.5,11.52,12.89,14.07,11.0,11.55,10.57,8.54,8.33,6.49,11.31,9.84,9.32,10.56,11.07,15.96,8.0,10.93,9.78,9.83,8.96
TCGA-BH-A1FJ-11,6.84,6.6,9.88,11.28,3.9,9.3,7.5,6.65,7.53,3.78,4.75,5.89,9.73,7.98,5.6,7.21,10.43,10.9,11.73,4.71,3.78,10.96,9.83,9.56,8.12,5.75,12.85,12.12,13.48,9.9,11.44,4.4,7.31,7.11,10.51,5.48,3.66,11.78,9.31,4.85,5.07,3.98,11.46,9.39,5.77,6.52,14.72,13.59,7.32,10.41,6.99,4.83,5.93
TCGA-BH-A0BJ-11,7.99,6.53,10.25,10.9,4.77,9.17,7.82,6.68,7.72,4.76,6.0,6.59,11.61,8.45,5.24,9.39,10.98,12.42,10.75,5.09,5.43,10.94,10.06,7.91,9.61,6.13,13.94,13.12,14.4,10.63,10.91,5.6,9.19,8.42,10.73,7.09,6.56,12.48,7.91,5.46,4.95,5.21,10.71,10.63,5.68,7.01,15.4,12.6,7.68,11.17,7.56,5.81,5.71
TCGA-E2-A1LH-11,8.2,5.63,10.62,11.13,4.48,9.9,7.59,5.38,7.71,3.53,5.79,5.42,11.36,7.51,3.94,9.37,10.25,13.36,12.81,3.27,8.94,12.44,9.76,9.49,10.05,5.17,13.64,12.81,14.06,10.98,11.1,3.34,9.24,6.86,12.24,5.99,4.89,11.71,7.83,4.03,3.53,3.85,10.23,10.95,4.77,5.07,14.97,13.4,8.31,10.95,7.44,4.23,5.8
TCGA-E9-A1NG-11,6.83,6.06,10.41,11.36,1.68,10.12,7.83,5.82,6.82,3.76,4.49,5.47,9.41,7.53,4.99,8.7,11.27,10.83,11.0,3.76,3.44,9.71,9.43,8.18,7.34,4.43,13.67,13.48,13.52,9.78,10.46,5.07,5.74,6.98,9.73,6.36,5.27,12.05,6.86,4.2,3.85,3.76,10.24,9.69,4.6,6.35,13.24,12.24,5.17,9.89,6.67,4.46,4.68
TCGA-A8-A09I-01,7.03,10.38,10.64,9.9,9.26,11.13,11.01,9.14,11.17,7.6,9.75,12.12,7.58,12.24,10.25,9.45,5.69,17.51,12.64,9.81,7.34,12.84,6.64,10.62,11.52,9.47,7.13,7.99,7.52,8.35,11.07,9.63,3.01,12.34,12.71,13.77,11.23,9.51,12.72,9.11,10.11,8.52,4.26,8.85,9.78,11.35,5.72,15.0,7.36,10.8,10.31,11.02,10.22
TCGA-BH-A0AZ-11,8.15,5.39,10.37,11.29,3.21,9.46,7.83,6.39,7.23,3.58,5.07,5.25,11.81,8.0,3.65,9.36,11.1,12.85,11.68,4.05,7.42,11.81,9.21,9.6,9.61,4.72,13.33,13.09,14.27,10.66,10.88,3.39,8.68,6.74,12.27,8.16,4.86,12.43,7.65,3.69,2.63,4.18,12.17,10.4,4.22,4.84,14.91,13.62,7.44,10.66,6.78,3.47,4.8
TCGA-BH-A0DG-11,8.19,7.05,10.26,11.64,4.96,9.27,8.14,6.91,8.01,4.21,6.53,6.44,11.23,8.97,5.86,8.26,10.99,12.57,11.69,5.16,4.55,11.65,9.51,9.3,9.39,6.39,13.78,12.79,13.89,11.37,11.16,5.45,8.39,9.2,11.33,5.91,6.23,12.21,7.26,5.58,5.24,4.94,11.42,10.6,5.94,6.71,15.33,13.65,7.87,10.94,7.41,5.24,5.72
TCGA-E9-A1NF-11,6.09,6.53,10.15,11.33,4.15,10.09,7.98,6.01,6.07,3.74,4.83,4.81,1.25,7.28,5.34,8.52,11.53,9.58,8.48,3.69,0.0,1.25,8.65,7.75,2.7,4.34,3.06,1.5,4.01,9.96,10.41,4.74,0.94,8.15,7.77,6.54,5.18,10.51,6.13,4.37,3.47,3.41,7.37,10.11,5.29,6.3,13.75,10.79,0.94,9.64,6.43,4.2,4.34
TCGA-AR-A24T-01,7.25,7.35,10.41,11.31,5.49,10.52,10.44,6.65,8.27,4.76,5.54,7.34,9.82,9.19,6.91,9.5,8.83,12.78,13.09,6.7,6.94,13.16,7.6,10.6,9.15,5.63,9.28,10.39,10.62,11.02,11.05,6.55,5.26,9.06,12.79,13.47,7.08,10.99,11.21,5.72,5.53,4.65,14.02,7.88,6.18,7.76,10.64,16.16,8.12,10.62,7.94,6.31,7.29
TCGA-BH-A1FM-11,7.08,6.3,10.37,11.23,4.2,9.69,7.78,6.31,7.52,3.85,4.69,5.44,11.29,7.93,4.63,8.53,11.23,12.24,11.93,4.0,6.71,11.04,9.11,9.19,8.61,4.63,14.27,14.03,14.57,9.75,10.87,3.72,8.04,7.5,11.11,5.91,5.57,11.44,6.59,4.5,3.88,4.02,10.26,10.22,5.38,5.77,14.45,12.87,7.33,10.57,6.96,4.83,4.92
TCGA-E9-A1N5-11,8.72,9.55,10.1,10.48,7.9,8.98,8.96,8.21,9.69,6.27,9.14,8.46,11.55,11.07,8.36,9.2,11.23,12.41,10.43,7.5,6.02,9.92,10.39,7.87,9.27,8.73,12.59,11.85,13.51,11.3,10.57,8.05,9.02,11.89,10.61,7.61,9.3,12.81,6.12,8.12,7.3,6.71,11.85,11.58,8.05,9.85,15.1,12.36,6.27,11.61,9.74,8.11,7.59
TCGA-E9-A1RH-11,6.88,5.68,10.46,11.44,4.35,10.28,7.6,5.19,6.6,4.9,4.75,5.63,8.93,7.51,4.71,8.55,11.59,10.44,11.25,3.67,5.71,8.96,8.22,7.84,6.32,3.89,12.58,12.32,12.69,10.28,10.89,4.15,5.72,6.84,9.53,6.36,5.27,9.63,6.61,3.41,3.81,3.85,9.08,11.19,4.25,6.16,13.83,11.83,4.96,9.52,6.7,4.43,4.66
TCGA-A2-A0EQ-01,8.9,10.18,10.77,11.21,9.7,9.32,10.63,7.94,10.39,6.54,10.08,10.03,8.69,12.05,9.65,8.42,12.64,12.61,9.19,8.81,12.1,12.62,5.76,10.16,9.15,10.01,3.92,4.17,6.65,7.04,10.64,9.71,1.64,12.67,11.11,10.43,11.48,9.79,7.92,8.7,8.53,8.25,3.79,11.95,9.53,10.97,5.62,12.0,7.45,11.49,11.1,10.47,9.9
TCGA-A2-A0ET-01,7.2,7.99,10.66,11.91,7.38,10.86,11.32,7.68,9.73,4.5,7.05,7.52,9.22,10.72,7.68,9.48,3.31,13.01,14.24,7.14,2.68,13.22,8.33,9.25,10.14,7.53,2.96,3.43,2.55,3.63,11.16,7.04,1.73,10.22,13.81,8.78,6.71,11.12,13.73,6.77,7.83,6.74,11.27,5.2,8.22,8.18,6.61,14.67,7.21,11.2,8.49,7.95,7.83
TCGA-BH-A1FE-11,8.5,7.37,9.89,10.97,4.78,8.54,8.71,7.65,8.2,4.52,5.93,7.22,10.98,8.74,5.84,7.73,11.27,11.2,11.0,5.87,5.42,10.51,10.6,8.62,8.99,6.03,12.1,11.56,12.48,10.36,11.26,5.76,7.35,8.73,9.67,4.48,5.8,13.16,6.3,5.82,5.34,5.39,10.58,10.19,5.99,7.46,15.42,13.01,6.02,11.03,8.37,5.5,6.15
TCGA-BH-A0BV-01,7.13,8.46,10.94,11.3,7.56,11.12,11.14,6.76,9.56,4.8,8.58,7.78,6.98,10.97,7.74,9.87,6.8,12.58,14.32,7.08,3.12,13.26,6.49,9.75,8.86,8.04,8.26,7.58,7.85,10.46,10.77,7.36,2.84,10.82,12.25,12.67,8.33,10.38,9.23,7.4,8.12,6.68,12.49,7.75,7.95,8.65,8.0,17.04,5.33,11.19,8.74,8.62,8.32
TCGA-BH-A18U-11,7.65,7.73,10.35,11.29,5.84,9.66,7.86,6.33,8.26,5.15,7.84,6.66,11.42,9.46,6.92,8.67,10.87,12.45,12.37,6.28,6.33,11.0,9.46,8.42,9.11,7.14,14.78,14.99,15.17,10.57,11.07,6.87,9.11,8.94,11.53,7.52,7.85,12.14,8.6,6.52,6.64,6.12,11.44,10.77,6.65,7.54,14.74,13.94,6.84,10.3,8.32,6.87,6.74
TCGA-BH-A0BV-11,8.76,7.47,10.46,11.37,5.76,9.36,7.87,6.57,8.2,4.54,6.79,6.66,11.3,9.01,6.09,9.01,10.8,12.63,11.93,4.79,4.85,11.38,9.65,8.78,10.12,6.61,13.41,12.91,13.99,11.35,11.17,5.93,8.38,9.51,11.62,6.95,6.66,13.01,8.15,5.71,5.2,5.01,12.96,10.77,6.01,7.53,15.24,13.94,6.81,10.81,8.02,6.16,6.03
TCGA-BH-A0BQ-11,7.87,7.14,10.3,11.09,5.58,9.33,8.03,7.01,7.6,5.36,6.38,7.04,11.89,8.81,5.77,8.88,10.95,12.39,11.05,5.01,7.05,10.9,9.09,8.21,9.17,5.41,13.23,13.64,14.28,10.12,10.37,5.22,9.74,8.78,10.73,6.39,7.19,12.49,7.34,4.02,4.77,5.57,11.87,10.64,6.35,7.68,15.39,13.67,8.08,11.12,8.14,6.52,5.52
TCGA-E9-A1NA-11,6.97,5.47,10.3,10.94,3.77,9.95,7.67,6.01,6.93,4.61,5.74,6.18,10.62,7.21,4.82,9.16,11.06,12.01,10.5,3.4,4.47,10.07,8.74,7.82,8.62,4.7,14.52,13.35,14.26,9.86,10.32,4.06,7.71,7.06,10.19,6.05,4.91,11.02,8.94,3.89,3.51,4.86,9.2,10.11,3.85,5.38,13.93,12.45,5.3,10.65,6.36,3.64,4.93
TCGA-5T-A9QA-01,8.1,8.78,12.81,10.44,8.69,10.48,10.92,6.85,10.0,7.09,9.02,9.56,8.81,10.93,9.25,9.09,3.92,13.55,11.8,8.46,11.85,13.0,6.36,10.89,10.74,8.98,1.85,2.86,1.85,8.81,10.88,8.37,3.5,9.9,14.35,10.22,9.82,10.66,9.79,8.03,9.04,7.4,6.78,5.29,7.74,9.43,3.76,13.99,11.68,11.23,10.14,10.03,9.53
TCGA-A8-A09V-01,7.54,10.14,10.51,12.01,6.98,10.44,11.13,7.11,9.26,3.71,8.06,7.34,7.44,11.77,7.89,9.16,6.93,12.64,13.28,6.8,5.14,13.48,5.5,10.52,9.12,8.05,7.1,6.23,6.69,12.19,11.26,7.28,2.93,10.95,13.86,11.75,6.75,9.37,12.74,7.43,8.01,5.28,13.76,9.16,7.22,8.47,7.92,15.45,7.99,10.84,8.93,7.69,7.92
TCGA-BH-A0DT-11,7.67,6.43,10.1,11.24,7.12,9.83,7.94,6.53,7.73,4.56,6.04,6.73,11.27,8.14,5.08,9.05,10.8,12.96,11.34,4.4,7.8,11.57,8.59,9.43,9.47,5.74,13.86,13.39,14.62,11.34,10.78,4.65,9.33,8.08,11.67,6.41,6.21,12.24,9.27,5.13,4.67,4.52,11.96,10.22,5.46,6.73,14.77,13.79,8.96,10.96,7.03,5.05,5.82
TCGA-E2-A15I-11,7.3,3.61,10.13,11.6,1.3,9.9,7.64,5.37,6.92,3.61,2.89,4.7,8.54,6.48,3.25,8.04,11.69,9.98,10.19,2.24,3.94,7.16,8.57,8.21,6.33,2.24,11.2,10.24,11.83,9.66,11.01,2.07,5.67,5.79,7.98,5.75,3.99,12.23,6.42,3.4,2.66,2.66,9.26,10.8,3.33,3.67,13.51,11.6,4.04,9.71,6.54,2.53,3.89
TCGA-BH-A0H9-11,6.66,2.38,10.96,10.78,2.54,10.52,6.52,3.14,6.39,4.0,3.48,3.89,2.53,4.05,2.68,8.94,9.3,9.61,9.06,0.68,0.0,0.68,9.16,8.02,3.48,2.38,6.82,2.53,6.15,9.54,10.2,1.14,3.03,4.29,9.56,6.41,3.32,12.61,6.01,2.68,1.76,3.23,6.95,12.67,4.53,3.4,13.02,10.21,0.68,9.72,6.56,2.2,3.48
TCGA-E9-A1N9-11,7.23,7.68,9.98,10.47,9.17,9.52,8.09,7.33,6.96,5.9,5.83,7.82,10.26,7.51,5.52,8.42,11.18,12.63,10.45,6.61,8.56,11.36,8.22,9.28,9.37,5.97,13.93,13.61,14.12,9.85,10.36,6.36,7.58,9.26,11.95,5.11,8.27,11.43,6.01,5.73,3.83,6.06,8.95,10.04,4.46,9.59,13.93,12.26,10.26,10.44,7.73,4.77,6.54
TCGA-GI-A2C9-11,7.73,5.97,10.49,10.51,3.98,9.51,7.21,5.63,7.66,4.4,5.72,6.45,11.13,7.74,5.28,8.95,10.49,11.85,11.44,4.5,3.78,9.49,10.09,8.16,8.65,4.98,15.06,14.67,14.49,9.65,10.88,3.78,8.97,7.3,10.51,6.8,5.98,13.44,6.97,4.83,4.26,4.35,9.65,10.53,5.84,6.43,14.07,12.14,5.43,10.54,7.39,5.82,5.47
TCGA-BH-A1F6-11,7.01,5.98,10.05,11.04,3.95,9.53,7.83,6.74,7.24,4.63,3.8,5.96,10.57,7.78,5.0,7.83,11.24,10.99,11.69,3.45,4.54,10.62,9.66,8.78,7.28,4.41,13.23,12.36,13.47,9.9,12.02,4.15,7.65,7.07,9.91,6.13,4.56,11.4,7.46,4.81,4.68,4.41,10.94,9.41,4.95,5.76,13.78,13.14,6.7,10.4,8.12,4.56,5.8
TCGA-JL-A3YX-01,8.42,9.36,11.34,10.22,8.91,9.94,11.09,7.9,10.65,6.45,9.95,9.39,8.96,10.93,8.5,10.94,6.25,12.87,12.23,7.83,9.98,12.59,6.47,9.48,9.37,9.05,11.78,11.8,11.17,12.75,10.86,8.55,4.92,10.62,12.58,12.52,9.9,12.37,12.78,8.51,8.85,7.23,12.98,8.57,9.33,10.15,9.24,13.34,7.21,11.84,9.83,9.33,9.37
TCGA-D8-A1XM-01,6.63,9.89,10.31,11.03,8.48,10.13,11.46,8.0,9.63,6.23,8.79,8.73,8.91,11.53,8.46,9.78,8.54,13.6,12.88,7.72,6.07,13.01,6.71,8.94,8.93,8.75,10.08,10.45,10.39,12.66,11.1,8.33,4.99,11.39,11.86,13.34,8.62,10.1,10.5,8.13,8.01,6.5,13.17,8.59,8.0,9.98,10.33,13.57,8.81,10.18,8.97,8.5,8.19
TCGA-BH-A0B7-11,8.41,6.47,10.3,11.02,5.06,9.63,8.2,6.86,7.78,4.22,6.15,6.86,11.63,8.61,5.61,8.77,10.87,12.53,11.79,5.46,6.4,11.34,10.16,8.92,9.4,6.31,13.48,12.71,13.82,11.23,11.1,5.49,8.34,8.66,12.01,5.48,6.83,12.85,7.58,5.75,5.36,5.27,12.44,10.92,5.35,7.14,15.31,14.12,5.93,11.26,8.08,5.32,6.05
